type,text,element_id,attached_to_filename,category_depth,data_source,detection_class_prob,detection_origin,emphasized_text_contents,emphasized_text_tags,file_directory,filename,filetype,image_path,image_base64,image_mime_type,header_footer_type,is_continuation,key_value_pairs,languages,last_modified,link_texts,link_urls,link_start_indexes,links,orig_elements,page_name,page_number,parent_id,regex_metadata,bcc_recipient,cc_recipient,email_message_id,sent_from,sent_to,subject,signature,text_as_html,table_as_cells,url,sender,coordinates_points,coordinates_system,coordinates_layout_width,coordinates_layout_height
Header,"Encounter Summary: February 27, 2009, 13:00",0727e730a7f1ea33d88d22a9da57b9ea,,,,,,,,,document.pdf,application/pdf,,,,,,,['eng'],2024-08-26T21:19:45,,,,,,,1,,,,,,,,,,,,,,"((484.74021605249015, 10.112548393643806), (484.74021605249015, 15.362548174893845), (599.9992440200305, 15.362548174893845), (599.9992440200305, 10.112548393643806))",PixelSpace,612,792
Header,Isabella Jones,c001686aa9828bc6ef84357b3a6ece0c,,,,,,,,,document.pdf,application/pdf,,,,,,,['eng'],2024-08-26T21:19:45,,,,,,,1,,,,,,,,,,,,,,"((11.9999995, 33.524998603124914), (11.9999995, 45.52499810312497), (93.77399609275, 45.52499810312497), (93.77399609275, 33.524998603124914))",PixelSpace,612,792
Header,Female,0ce7ba7a185c35f08857f38549ca67a9,,,,,,,,,document.pdf,application/pdf,,,,,,,['eng'],2024-08-26T21:19:45,,,,,,,1,,,,,,,,,,,,,,"((107.24999553125, 36.46435393065178), (107.24999553125, 43.96435361815179), (132.2585392892273, 43.96435361815179), (132.2585392892273, 36.46435393065178))",PixelSpace,612,792
Header,Age 7 (2005-05-01),94d69695a6214c25410e315db2127ed5,,,,,,,,,document.pdf,application/pdf,,,,,,,['eng'],2024-08-26T21:19:45,,,,,,,1,,,,,,,,,,,,,,"((147.26366761401357, 36.46435393065178), (147.26366761401357, 43.96435361815179), (212.30638912890004, 43.96435361815179), (212.30638912890004, 36.46435393065178))",PixelSpace,612,792
Header,ID 998991,f05f8938b82c5bb973e95cfdcb66dd0b,,,,,,,,,document.pdf,application/pdf,,,,,,,['eng'],2024-08-26T21:19:45,,,,,,,1,,,,,,,,,,,,,,"((227.30858427880858, 36.46435393065178), (227.30858427880858, 43.96435361815179), (261.91917836170046, 43.96435361815179), (261.91917836170046, 36.46435393065178))",PixelSpace,612,792
Header,Back to top,d0064dd668c6c018cd8a91886a0eb04c,,,,,,,,,document.pdf,application/pdf,,,,,,,['eng'],2024-08-26T21:19:45,,,,,,,1,,,,,,,,,,,,,,"((566.9824001257324, 37.27148280702147), (566.9824001257324, 43.2714825570215), (596.999976895, 43.2714825570215), (596.999976895, 37.27148280702147))",PixelSpace,612,792
Title,"ALLERGIES, ADVERSE REACTIONS, ALERTS",3e66b90fc2b0c9c68007be6101effd2e,,,,,,,,,document.pdf,application/pdf,,,,,,,['eng'],2024-08-26T21:19:45,,,,,,,1,d0064dd668c6c018cd8a91886a0eb04c,,,,,,,,,,,,,"((21.74999909375, 66.2036105115161), (21.74999909375, 70.70361032401615), (117.70019035582517, 70.70361032401615), (117.70019035582517, 66.2036105115161))",PixelSpace,612,792
Title,Patient Name,1dd6d3341ddaf48bbf17a75c5143a752,,,,,,,,,document.pdf,application/pdf,,,,,,,['eng'],2024-08-26T21:19:45,,,,,,,1,d0064dd668c6c018cd8a91886a0eb04c,,,,,,,,,,,,,"((163.18944820043936, 70.03307812445496), (163.18944820043936, 74.90807792132989), (194.07476176355124, 74.90807792132989), (194.07476176355124, 70.03307812445496))",PixelSpace,612,792
Title,Isabella Jones,5ba2eb6e75dc6e3d15bcadd58fb88e87,,,,,,,,,document.pdf,application/pdf,,,,,,,['eng'],2024-08-26T21:19:45,,,,,,,1,d0064dd668c6c018cd8a91886a0eb04c,,,,,,,,,,,,,"((222.22850824047842, 70.03307812445496), (222.22850824047842, 74.90807792132989), (253.39470554438682, 74.90807792132989), (253.39470554438682, 70.03307812445496))",PixelSpace,612,792
Title,Title,870eacb034fb8395a500a796e48a0bbc,,,,,,,,,document.pdf,application/pdf,,,,,,,['eng'],2024-08-26T21:19:45,,,,,,,1,d0064dd668c6c018cd8a91886a0eb04c,,,,,,,,,,,,,"((350.0624854140625, 70.03307812445496), (350.0624854140625, 74.90807792132989), (359.9957735364255, 74.90807792132989), (359.9957735364255, 70.03307812445496))",PixelSpace,612,792
Title,Community Health and Hospitals: History & Physical,ab366a9b3f8893614acd7a0f290f36d8,,,,,,,,,document.pdf,application/pdf,,,,,,,['eng'],2024-08-26T21:19:45,,,,,,,1,d0064dd668c6c018cd8a91886a0eb04c,,,,,,,,,,,,,"((433.623030682373, 70.03307812445496), (433.623030682373, 74.90807792132989), (546.6025789111416, 74.90807792132989), (546.6025789111416, 70.03307812445496))",PixelSpace,612,792
Title,ASSESSMENT,65c1b6c9471eec1bf6f89362c698d33f,,,,,,,,,document.pdf,application/pdf,,,,,,,['eng'],2024-08-26T21:19:45,,,,,,,1,d0064dd668c6c018cd8a91886a0eb04c,,,,,,,,,,,,,"((21.74999909375, 77.45361004276606), (21.74999909375, 81.95360985526611), (52.50732208719482, 81.95360985526611), (52.50732208719482, 77.45361004276606))",PixelSpace,612,792
Title,Patient ID,570fb4fa2833d5249203ed1ce54863ef,,,,,,,,,document.pdf,application/pdf,,,,,,,['eng'],2024-08-26T21:19:45,,,,,,,1,d0064dd668c6c018cd8a91886a0eb04c,,,,,,,,,,,,,"((163.18944820043936, 79.40807773382994), (163.18944820043936, 84.28307753070487), (185.67205216491413, 84.28307753070487), (185.67205216491413, 79.40807773382994))",PixelSpace,612,792
UncategorizedText,998991,1c9eb088cdcbfa5916a796befcf16a4e,,,,,,,,,document.pdf,application/pdf,,,,,,,['eng'],2024-08-26T21:19:45,,,,,,,1,570fb4fa2833d5249203ed1ce54863ef,,,,,,,,,,,,,"((222.22850824047842, 79.40807773382994), (222.22850824047842, 84.28307753070487), (238.49596350766777, 84.28307753070487), (238.49596350766777, 79.40807773382994))",PixelSpace,612,792
Title,Document ID,aa38cb35995f7a7f8f46647aef90bd74,,,,,,,,,document.pdf,application/pdf,,,,,,,['eng'],2024-08-26T21:19:45,,,,,,,1,d0064dd668c6c018cd8a91886a0eb04c,,,,,,,,,,,,,"((350.0624854140625, 79.40807773382994), (350.0624854140625, 84.28307753070487), (380.1265709901422, 84.28307753070487), (380.1265709901422, 79.40807773382994))",PixelSpace,612,792
UncategorizedText,2.16.840.1.113883.19.5.99999.1,27aef34ef6122e56a819a50ff38adb06,,,,,,,,,document.pdf,application/pdf,,,,,,,['eng'],2024-08-26T21:19:45,,,,,,,1,aa38cb35995f7a7f8f46647aef90bd74,,,,,,,,,,,,,"((433.623030682373, 79.40807773382994), (433.623030682373, 84.28307753070487), (504.1058153805902, 84.28307753070487), (504.1058153805902, 79.40807773382994))",PixelSpace,612,792
Title,REASON FOR VISIT/CHIEF COMPLAINT,833e9ef0784f52c55fbbb742746d1a1d,,,,,,,,,document.pdf,application/pdf,,,,,,,['eng'],2024-08-26T21:19:45,,,,,,,1,d0064dd668c6c018cd8a91886a0eb04c,,,,,,,,,,,,,"((21.74999909375, 88.70360957401601), (21.74999909375, 93.20360938651606), (106.25902874754026, 93.20360938651606), (106.25902874754026, 88.70360957401601))",PixelSpace,612,792
Title,Date of birth,4642e2e1b209d6aad7bd604bd700e960,,,,,,,,,document.pdf,application/pdf,,,,,,,['eng'],2024-08-26T21:19:45,,,,,,,1,d0064dd668c6c018cd8a91886a0eb04c,,,,,,,,,,,,,"((163.18944820043936, 88.78307734320492), (163.18944820043936, 93.65807714007985), (191.8967222730529, 93.65807714007985), (191.8967222730529, 88.78307734320492))",PixelSpace,612,792
UncategorizedText,"May 1, 2005",ebc002f822a557bc9cc53d90a603118f,,,,,,,,,document.pdf,application/pdf,,,,,,,['eng'],2024-08-26T21:19:45,,,,,,,1,4642e2e1b209d6aad7bd604bd700e960,,,,,,,,,,,,,"((222.22850824047842, 88.78307734320492), (222.22850824047842, 93.65807714007985), (249.05766958009664, 93.65807714007985), (249.05766958009664, 88.78307734320492))",PixelSpace,612,792
Title,Encounter date,d14b7d64d538d7e4c92dac561d0e996b,,,,,,,,,document.pdf,application/pdf,,,,,,,['eng'],2024-08-26T21:19:45,,,,,,,1,d0064dd668c6c018cd8a91886a0eb04c,,,,,,,,,,,,,"((350.0624854140625, 88.78307734320492), (350.0624854140625, 93.65807714007985), (385.5466756655545, 93.65807714007985), (385.5466756655545, 88.78307734320492))",PixelSpace,612,792
UncategorizedText,"February 27, 2009, 13:00",b9ac4ba534fd17962cb490db1e683ede,,,,,,,,,document.pdf,application/pdf,,,,,,,['eng'],2024-08-26T21:19:45,,,,,,,1,d14b7d64d538d7e4c92dac561d0e996b,,,,,,,,,,,,,"((433.623030682373, 88.78307734320492), (433.623030682373, 93.65807714007985), (488.36918285128326, 93.65807714007985), (488.36918285128326, 88.78307734320492))",PixelSpace,612,792
Title,FAMILY HISTORY,c1760db2a6671365d45e80f47e18a44f,,,,,,,,,document.pdf,application/pdf,,,,,,,['eng'],2024-08-26T21:19:45,,,,,,,1,d0064dd668c6c018cd8a91886a0eb04c,,,,,,,,,,,,,"((21.74999909375, 99.95360910526608), (21.74999909375, 104.45360891776613), (58.42895287046019, 104.45360891776613), (58.42895287046019, 99.95360910526608))",PixelSpace,612,792
Title,Gender,93625a5f0f1d74832a449f00a694df1d,,,,,,,,,document.pdf,application/pdf,,,,,,,['eng'],2024-08-26T21:19:45,,,,,,,1,d0064dd668c6c018cd8a91886a0eb04c,,,,,,,,,,,,,"((163.18944820043936, 98.15807695258002), (163.18944820043936, 103.03307674945495), (180.2567081705535, 103.03307674945495), (180.2567081705535, 98.15807695258002))",PixelSpace,612,792
Title,Female,553196b16eec05167766fcb9b96ff1a3,,,,,,,,,document.pdf,application/pdf,,,,,,,['eng'],2024-08-26T21:19:45,,,,,,,1,d0064dd668c6c018cd8a91886a0eb04c,,,,,,,,,,,,,"((222.22850824047842, 98.15807695258002), (222.22850824047842, 103.03307674945495), (238.48406168316367, 103.03307674945495), (238.48406168316367, 98.15807695258002))",PixelSpace,612,792
Title,Generated On,f6a47d73c9df456c713be122965ca5bf,,,,,,,,,document.pdf,application/pdf,,,,,,,['eng'],2024-08-26T21:19:45,,,,,,,1,d0064dd668c6c018cd8a91886a0eb04c,,,,,,,,,,,,,"((350.0624854140625, 98.15807695258002), (350.0624854140625, 103.03307674945495), (382.2998496533389, 103.03307674945495), (382.2998496533389, 98.15807695258002))",PixelSpace,612,792
Title,"September 16, 2012",1a4d4ae3267cb7e33f42a00949cf9053,,,,,,,,,document.pdf,application/pdf,,,,,,,['eng'],2024-08-26T21:19:45,,,,,,,1,d0064dd668c6c018cd8a91886a0eb04c,,,,,,,,,,,,,"((433.623030682373, 98.15807695258002), (433.623030682373, 103.03307674945495), (477.8003357329019, 103.03307674945495), (477.8003357329019, 98.15807695258002))",PixelSpace,612,792
Title,GENERAL STATUS,2be2e580090900a0f0eb517c6ea24ba3,,,,,,,,,document.pdf,application/pdf,,,,,,,['eng'],2024-08-26T21:19:45,,,,,,,1,d0064dd668c6c018cd8a91886a0eb04c,,,,,,,,,,,,,"((21.74999909375, 111.20360863651604), (21.74999909375, 115.70360844901609), (61.42382567817383, 115.70360844901609), (61.42382567817383, 111.20360863651604))",PixelSpace,612,792
Title,Race,46f1262e6bb33b27a2ade3b62e8fe1ac,,,,,,,,,document.pdf,application/pdf,,,,,,,['eng'],2024-08-26T21:19:45,,,,,,,1,d0064dd668c6c018cd8a91886a0eb04c,,,,,,,,,,,,,"((163.18944820043936, 107.533076561955), (163.18944820043936, 112.40807635882993), (174.84374454109366, 112.40807635882993), (174.84374454109366, 107.533076561955))",PixelSpace,612,792
Title,Aleut,886ae9366f72a337d42fc13e15c116f7,,,,,,,,,document.pdf,application/pdf,,,,,,,['eng'],2024-08-26T21:19:45,,,,,,,1,d0064dd668c6c018cd8a91886a0eb04c,,,,,,,,,,,,,"((222.22850824047842, 107.533076561955), (222.22850824047842, 112.40807635882993), (233.34008001874625, 112.40807635882993), (233.34008001874625, 107.533076561955))",PixelSpace,612,792
Title,Legal Authenticator,b54b9559b9464c1aef5b61d173b52b4c,,,,,,,,,document.pdf,application/pdf,,,,,,,['eng'],2024-08-26T21:19:45,,,,,,,1,d0064dd668c6c018cd8a91886a0eb04c,,,,,,,,,,,,,"((350.0624854140625, 107.533076561955), (350.0624854140625, 112.40807635882993), (395.656111368078, 112.40807635882993), (395.656111368078, 107.533076561955))",PixelSpace,612,792
Title,Henry Seven,d5a5bc3f9c0ab557bb410aa49bd35edd,,,,,,,,,document.pdf,application/pdf,,,,,,,['eng'],2024-08-26T21:19:45,,,,,,,1,d0064dd668c6c018cd8a91886a0eb04c,,,,,,,,,,,,,"((433.623030682373, 107.533076561955), (433.623030682373, 112.40807635882993), (461.8042427956558, 112.40807635882993), (461.8042427956558, 107.533076561955))",PixelSpace,612,792
Title,Ethnicity,f4b8122039551e04bd9f7a10ce31830c,,,,,,,,,document.pdf,application/pdf,,,,,,,['eng'],2024-08-26T21:19:45,,,,,,,1,d0064dd668c6c018cd8a91886a0eb04c,,,,,,,,,,,,,"((163.18944820043936, 116.90807617132998), (163.18944820043936, 121.78307596820491), (183.7748964639623, 121.78307596820491), (183.7748964639623, 116.90807617132998))",PixelSpace,612,792
Title,Not Hispanic or Latino,91b19a2479c3fa8ed2d695bbb441cd6c,,,,,,,,,document.pdf,application/pdf,,,,,,,['eng'],2024-08-26T21:19:45,,,,,,,1,d0064dd668c6c018cd8a91886a0eb04c,,,,,,,,,,,,,"((222.22850824047842, 116.90807617132998), (222.22850824047842, 121.78307596820491), (270.19060323330774, 121.78307596820491), (270.19060323330774, 116.90807617132998))",PixelSpace,612,792
Title,Sign On/Status,966025ef0efa552e396290ee199ccb5a,,,,,,,,,document.pdf,application/pdf,,,,,,,['eng'],2024-08-26T21:19:45,,,,,,,1,d0064dd668c6c018cd8a91886a0eb04c,,,,,,,,,,,,,"((350.0624854140625, 116.90807617132998), (350.0624854140625, 121.78307596820491), (385.0015707382672, 121.78307596820491), (385.0015707382672, 116.90807617132998))",PixelSpace,612,792
Title,"Signed on February 27, 2009, 13:00",63fd368c577a123735e6a1130fe03d1a,,,,,,,,,document.pdf,application/pdf,,,,,,,['eng'],2024-08-26T21:19:45,,,,,,,1,d0064dd668c6c018cd8a91886a0eb04c,,,,,,,,,,,,,"((433.623030682373, 116.90807617132998), (433.623030682373, 121.78307596820491), (511.6801558974926, 121.78307596820491), (511.6801558974926, 116.90807617132998))",PixelSpace,612,792
Title,PAST MEDICAL HISTORY,6fe42ec9a7eab259847f7236b4ac0f1e,,,,,,,,,document.pdf,application/pdf,,,,,,,['eng'],2024-08-26T21:19:45,,,,,,,1,d0064dd668c6c018cd8a91886a0eb04c,,,,,,,,,,,,,"((21.74999909375, 122.4536081677661), (21.74999909375, 126.95360798026616), (75.26440133148314, 126.95360798026616), (75.26440133148314, 122.4536081677661))",PixelSpace,612,792
Title,Language,0f779fe35348573984daf59ef1ba940f,,,,,,,,,document.pdf,application/pdf,,,,,,,['eng'],2024-08-26T21:19:45,,,,,,,1,d0064dd668c6c018cd8a91886a0eb04c,,,,,,,,,,,,,"((163.18944820043936, 126.28307578070496), (163.18944820043936, 131.1580755775799), (186.21239631364983, 131.1580755775799), (186.21239631364983, 126.28307578070496))",PixelSpace,612,792
Title,English,e13d264062ea15acf1269f7b55995448,,,,,,,,,document.pdf,application/pdf,,,,,,,['eng'],2024-08-26T21:19:45,,,,,,,1,d0064dd668c6c018cd8a91886a0eb04c,,,,,,,,,,,,,"((222.22850824047842, 126.28307578070496), (222.22850824047842, 131.1580755775799), (238.21746018052207, 131.1580755775799), (238.21746018052207, 126.28307578070496))",PixelSpace,612,792
Title,Custodian,b5ee449f2e864e5fe5622cd3b99be9b1,,,,,,,,,document.pdf,application/pdf,,,,,,,['eng'],2024-08-26T21:19:45,,,,,,,1,d0064dd668c6c018cd8a91886a0eb04c,,,,,,,,,,,,,"((350.0624854140625, 126.28307578070496), (350.0624854140625, 131.1580755775799), (373.89475968980105, 131.1580755775799), (373.89475968980105, 126.28307578070496))",PixelSpace,612,792
Title,Community Health and Hospitals,e8482b061c52319f7cb110f3af628e7c,,,,,,,,,document.pdf,application/pdf,,,,,,,['eng'],2024-08-26T21:19:45,,,,,,,1,d0064dd668c6c018cd8a91886a0eb04c,,,,,,,,,,,,,"((433.623030682373, 126.28307578070496), (433.623030682373, 131.1580755775799), (504.6128346157144, 131.1580755775799), (504.6128346157144, 126.28307578070496))",PixelSpace,612,792
Title,HISTORY OF PRESENT ILLNESS,4c784acc6a06b2cf32d92d4030c224cb,,,,,,,,,document.pdf,application/pdf,,,,,,,['eng'],2024-08-26T21:19:45,,,,,,,1,d0064dd668c6c018cd8a91886a0eb04c,,,,,,,,,,,,,"((21.74999909375, 133.70360769901606), (21.74999909375, 138.2036075115161), (91.19018198540891, 138.2036075115161), (91.19018198540891, 133.70360769901606))",PixelSpace,612,792
Title,Marital Status,1366181ecf2f006ea8aa04daa22c4f93,,,,,,,,,document.pdf,application/pdf,,,,,,,['eng'],2024-08-26T21:19:45,,,,,,,1,d0064dd668c6c018cd8a91886a0eb04c,,,,,,,,,,,,,"((163.18944820043936, 135.65807539007994), (163.18944820043936, 140.53307518695487), (195.15545015852257, 140.53307518695487), (195.15545015852257, 135.65807539007994))",PixelSpace,612,792
Title,Married,855242fcce1773af5c01b6a6076a6e9c,,,,,,,,,document.pdf,application/pdf,,,,,,,['eng'],2024-08-26T21:19:45,,,,,,,1,d0064dd668c6c018cd8a91886a0eb04c,,,,,,,,,,,,,"((222.22850824047842, 135.65807539007994), (222.22850824047842, 140.53307518695487), (238.75304359945608, 140.53307518695487), (238.75304359945608, 135.65807539007994))",PixelSpace,612,792
Title,IMMUNIZATIONS,b12df7ad9e12ad6caf18e5bbd7aec77a,,,,,,,,,document.pdf,application/pdf,,,,,,,['eng'],2024-08-26T21:19:45,,,,,,,1,d0064dd668c6c018cd8a91886a0eb04c,,,,,,,,,,,,,"((21.74999909375, 144.95360723026602), (21.74999909375, 149.45360704276607), (57.41381600275757, 149.45360704276607), (57.41381600275757, 144.95360723026602))",PixelSpace,612,792
Title,MEDICATIONS,421e30d3dba628c89879a90c4ebd8bd1,,,,,,,,,document.pdf,application/pdf,,,,,,,['eng'],2024-08-26T21:19:45,,,,,,,1,d0064dd668c6c018cd8a91886a0eb04c,,,,,,,,,,,,,"((21.74999909375, 156.20360676151608), (21.74999909375, 160.70360657401613), (52.66772245051148, 160.70360657401613), (52.66772245051148, 156.20360676151608))",PixelSpace,612,792
Title,Address,11d6f154e00bfb0581a9dd55d8984898,,,,,,,,,document.pdf,application/pdf,,,,,,,['eng'],2024-08-26T21:19:45,,,,,,,1,d0064dd668c6c018cd8a91886a0eb04c,,,,,,,,,,,,,"((163.18944820043936, 145.03307499945504), (163.18944820043936, 149.90807479632997), (182.6965884338918, 149.90807479632997), (182.6965884338918, 145.03307499945504))",PixelSpace,612,792
Title,"Home 1357 Amber Drive Beaverton, OR, 97867",6ea18feab0f32307e07cae1515ed4be8,,,,,,,,,document.pdf,application/pdf,,,,,,,['eng'],2024-08-26T21:19:45,,,,,,,1,d0064dd668c6c018cd8a91886a0eb04c,,,,,,,,,,,,,"((222.22850824047842, 145.03307499945504), (222.22850824047842, 161.15807432757993), (270.7380885254958, 161.15807432757993), (270.7380885254958, 145.03307499945504))",PixelSpace,612,792
Title,PHYSICAL EXAMINATION,74c7a36ee467edb77f81c77c687196b8,,,,,,,,,document.pdf,application/pdf,,,,,,,['eng'],2024-08-26T21:19:45,,,,,,,1,d0064dd668c6c018cd8a91886a0eb04c,,,,,,,,,,,,,"((21.74999909375, 167.45360629276604), (21.74999909375, 171.9536061052661), (75.76098300829223, 171.9536061052661), (75.76098300829223, 167.45360629276604))",PixelSpace,612,792
Title,Phone,0d93292921787ca509e8d08f71855654,,,,,,,,,document.pdf,application/pdf,,,,,,,['eng'],2024-08-26T21:19:45,,,,,,,1,d0064dd668c6c018cd8a91886a0eb04c,,,,,,,,,,,,,"((163.18944820043936, 171.283073905705), (163.18944820043936, 176.15807370257994), (178.0858098235076, 176.15807370257994), (178.0858098235076, 171.283073905705))",PixelSpace,612,792
UncategorizedText,Home (816)276-6909,528df3e7a6002946eee999926b58c800,,,,,,,,,document.pdf,application/pdf,,,,,,,['eng'],2024-08-26T21:19:45,,,,,,,1,0d93292921787ca509e8d08f71855654,,,,,,,,,,,,,"((222.22850824047842, 171.283073905705), (222.22850824047842, 176.15807370257994), (269.11156083326784, 176.15807370257994), (269.11156083326784, 171.283073905705))",PixelSpace,612,792
Title,PLAN OF CARE,0daac0ab1d10e014bff9a8d5b5d76ac6,,,,,,,,,document.pdf,application/pdf,,,,,,,['eng'],2024-08-26T21:19:45,,,,,,,1,d0064dd668c6c018cd8a91886a0eb04c,,,,,,,,,,,,,"((21.74999909375, 178.703605824016), (21.74999909375, 183.20360563651604), (54.75732194844482, 183.20360563651604), (54.75732194844482, 178.703605824016))",PixelSpace,612,792
Title,PROBLEMS,af14dad2c9cf3bf0f0dc8303552eb0a3,,,,,,,,,document.pdf,application/pdf,,,,,,,['eng'],2024-08-26T21:19:45,,,,,,,1,d0064dd668c6c018cd8a91886a0eb04c,,,,,,,,,,,,,"((21.74999909375, 189.95360535526606), (21.74999909375, 194.4536051677661), (46.75707814678834, 194.4536051677661), (46.75707814678834, 189.95360535526606))",PixelSpace,612,792
Title,PROCEDURES,874ec43b3ce2069d79df786ae747a907,,,,,,,,,document.pdf,application/pdf,,,,,,,['eng'],2024-08-26T21:19:45,,,,,,,1,d0064dd668c6c018cd8a91886a0eb04c,,,,,,,,,,,,,"((21.74999909375, 201.20360488651602), (21.74999909375, 205.70360469901607), (53.50488065062988, 205.70360469901607), (53.50488065062988, 201.20360488651602))",PixelSpace,612,792
Title,RESULTS,a2df3077d419951c4eac0976749792bb,,,,,,,,,document.pdf,application/pdf,,,,,,,['eng'],2024-08-26T21:19:45,,,,,,,1,d0064dd668c6c018cd8a91886a0eb04c,,,,,,,,,,,,,"((21.74999909375, 212.4536044177661), (21.74999909375, 216.95360423026614), (42.17138500285889, 216.95360423026614), (42.17138500285889, 212.4536044177661))",PixelSpace,612,792
Title,REVIEW OF SYSTEMS,23c3983f2c981127904f7d83a443b966,,,,,,,,,document.pdf,application/pdf,,,,,,,['eng'],2024-08-26T21:19:45,,,,,,,1,d0064dd668c6c018cd8a91886a0eb04c,,,,,,,,,,,,,"((21.74999909375, 223.70360394901604), (21.74999909375, 228.2036037615161), (69.75585651350585, 228.2036037615161), (69.75585651350585, 223.70360394901604))",PixelSpace,612,792
Title,SOCIAL HISTORY,bcbe6a01d30d45381c55306c0ccfccec,,,,,,,,,document.pdf,application/pdf,,,,,,,['eng'],2024-08-26T21:19:45,,,,,,,1,d0064dd668c6c018cd8a91886a0eb04c,,,,,,,,,,,,,"((21.74999909375, 234.9536034802661), (21.74999909375, 239.45360329276616), (59.178220389240714, 239.45360329276616), (59.178220389240714, 234.9536034802661))",PixelSpace,612,792
Title,VITAL SIGNS,40831f2a685ecffe8aaf3cc76e7e0515,,,,,,,,,document.pdf,application/pdf,,,,,,,['eng'],2024-08-26T21:19:45,,,,,,,1,d0064dd668c6c018cd8a91886a0eb04c,,,,,,,,,,,,,"((21.74999909375, 246.20360301151607), (21.74999909375, 250.70360282401612), (49.00707815053833, 250.70360282401612), (49.00707815053833, 246.20360301151607))",PixelSpace,612,792
Title,Authors,1af64391c61bed8724e49ac32c5a9579,,,,,,,,,document.pdf,application/pdf,,,,,,,['eng'],2024-08-26T21:19:45,,,,,,,1,d0064dd668c6c018cd8a91886a0eb04c,,,,,,,,,,,,,"((21.74999909375, 257.453602542766), (21.74999909375, 261.95360235526607), (37.2582991725708, 261.95360235526607), (37.2582991725708, 257.453602542766))",PixelSpace,612,792
Title,Caregivers,8ffa70026f08d2cd5dbad990a494fadc,,,,,,,,,document.pdf,application/pdf,,,,,,,['eng'],2024-08-26T21:19:45,,,,,,,1,d0064dd668c6c018cd8a91886a0eb04c,,,,,,,,,,,,,"((21.74999909375, 268.7036020740161), (21.74999909375, 273.20360188651614), (43.507322327194814, 273.20360188651614), (43.507322327194814, 268.7036020740161))",PixelSpace,612,792
Title,Patient Data,22c0c8388e44ef72c4324d835dbf5351,,,,,,,,,document.pdf,application/pdf,,,,,,,['eng'],2024-08-26T21:19:45,,,,,,,1,d0064dd668c6c018cd8a91886a0eb04c,,,,,,,,,,,,,"((11.9999995, 288.14998799375), (11.9999995, 300.14998749375), (83.6039965165, 300.14998749375), (83.6039965165, 288.14998799375))",PixelSpace,612,792
Title,"ALLERGIES, ADVERSE REACTIONS, ALERTS",638201b89a8034a97a9f38bf2f79b9a2,,,,,,,,,document.pdf,application/pdf,,,,,,,['eng'],2024-08-26T21:19:45,,,,,,,1,d0064dd668c6c018cd8a91886a0eb04c,,,,,,,,,,,,,"((33.74999859375, 308.26198745575), (33.74999859375, 315.2782367884063), (180.85966846780516, 315.2782367884063), (180.85966846780516, 308.26198745575))",PixelSpace,612,792
Title,Substance,dcbdcbf79fa86429742e48644fd85e58,,,,,,,,,document.pdf,application/pdf,,,,,,,['eng'],2024-08-26T21:19:45,,,,,,,1,d0064dd668c6c018cd8a91886a0eb04c,,,,,,,,,,,,,"((22.4999990625, 325.04998645624994), (22.4999990625, 330.2999862375), (49.180497950812494, 330.2999862375), (49.180497950812494, 325.04998645624994))",PixelSpace,612,792
Title,Reaction,f345ca38aebf5ca10733f853ff402b2f,,,,,,,,,document.pdf,application/pdf,,,,,,,['eng'],2024-08-26T21:19:45,,,,,,,1,d0064dd668c6c018cd8a91886a0eb04c,,,,,,,,,,,,,"((287.31444302856437, 325.04998645624994), (287.31444302856437, 330.2999862375), (309.8961920876581, 330.2999862375), (309.8961920876581, 325.04998645624994))",PixelSpace,612,792
Title,Severity,f51e928848474487abb19e1f38991466,,,,,,,,,document.pdf,application/pdf,,,,,,,['eng'],2024-08-26T21:19:45,,,,,,,1,d0064dd668c6c018cd8a91886a0eb04c,,,,,,,,,,,,,"((379.4999841875, 325.04998645624994), (379.4999841875, 330.2999862375), (400.5922333086562, 330.2999862375), (400.5922333086562, 325.04998645624994))",PixelSpace,612,792
Title,Status,f1d21a609551717828362733b261aab3,,,,,,,,,document.pdf,application/pdf,,,,,,,['eng'],2024-08-26T21:19:45,,,,,,,1,d0064dd668c6c018cd8a91886a0eb04c,,,,,,,,,,,,,"((522.9667769597168, 325.04998645624994), (522.9667769597168, 330.2999862375), (539.4772762717793, 330.2999862375), (539.4772762717793, 325.04998645624994))",PixelSpace,612,792
Title,"ALLERGENIC EXTRACT, PENICILLIN",398fb25128b75f8e528a6c3f07ba2d18,,,,,,,,,document.pdf,application/pdf,,,,,,,['eng'],2024-08-26T21:19:45,,,,,,,1,d0064dd668c6c018cd8a91886a0eb04c,,,,,,,,,,,,,"((22.4999990625, 335.8285992771411), (22.4999990625, 340.3285990896411), (99.77123600786499, 340.3285990896411), (99.77123600786499, 335.8285992771411))",PixelSpace,612,792
Title,Nausea,80bfb945ad358688d83daf9b60495dbe,,,,,,,,,document.pdf,application/pdf,,,,,,,['eng'],2024-08-26T21:19:45,,,,,,,1,d0064dd668c6c018cd8a91886a0eb04c,,,,,,,,,,,,,"((287.31444302856437, 335.8285992771411), (287.31444302856437, 340.3285990896411), (302.8249403672936, 340.3285990896411), (302.8249403672936, 335.8285992771411))",PixelSpace,612,792
NarrativeText,Moderate to severe,8cf7ceb952b0a50e94feb91e99f64e64,,,,,,,,,document.pdf,application/pdf,,,,,,,['eng'],2024-08-26T21:19:45,,,,,,,1,80bfb945ad358688d83daf9b60495dbe,,,,,,,,,,,,,"((379.4999841875, 335.8285992771411), (379.4999841875, 340.3285990896411), (418.270734317052, 340.3285990896411), (418.270734317052, 335.8285992771411))",PixelSpace,612,792
Title,Inactive,80d63e261a5cf277f1186b0037bd87bb,,,,,,,,,document.pdf,application/pdf,,,,,,,['eng'],2024-08-26T21:19:45,,,,,,,1,d0064dd668c6c018cd8a91886a0eb04c,,,,,,,,,,,,,"((522.9667769597168, 335.8285992771411), (522.9667769597168, 340.3285990896411), (538.4750770385375, 340.3285990896411), (538.4750770385375, 335.8285992771411))",PixelSpace,612,792
Title,Codeine,a3595ffeba9b5b77261ace400743edd0,,,,,,,,,document.pdf,application/pdf,,,,,,,['eng'],2024-08-26T21:19:45,,,,,,,1,d0064dd668c6c018cd8a91886a0eb04c,,,,,,,,,,,,,"((22.4999990625, 345.5785988708911), (22.4999990625, 350.0785986833911), (39.262937744044194, 350.0785986833911), (39.262937744044194, 345.5785988708911))",PixelSpace,612,792
Title,Wheezing,d8b76120330f0b695bd77b340083d816,,,,,,,,,document.pdf,application/pdf,,,,,,,['eng'],2024-08-26T21:19:45,,,,,,,1,d0064dd668c6c018cd8a91886a0eb04c,,,,,,,,,,,,,"((287.31444302856437, 345.5785988708911), (287.31444302856437, 350.0785986833911), (307.3249401797936, 350.0785986833911), (307.3249401797936, 345.5785988708911))",PixelSpace,612,792
Title,Moderate,e1cca121e32015595c94f94b269a7f21,,,,,,,,,document.pdf,application/pdf,,,,,,,['eng'],2024-08-26T21:19:45,,,,,,,1,d0064dd668c6c018cd8a91886a0eb04c,,,,,,,,,,,,,"((379.4999841875, 345.5785988708911), (379.4999841875, 350.0785986833911), (398.51072547038575, 350.0785986833911), (398.51072547038575, 345.5785988708911))",PixelSpace,612,792
Title,Active,10a7d5f7794e69df6c3bfebf01ff7865,,,,,,,,,document.pdf,application/pdf,,,,,,,['eng'],2024-08-26T21:19:45,,,,,,,1,d0064dd668c6c018cd8a91886a0eb04c,,,,,,,,,,,,,"((522.9667769597168, 345.5785988708911), (522.9667769597168, 350.0785986833911), (535.2209268341271, 350.0785986833911), (535.2209268341271, 345.5785988708911))",PixelSpace,612,792
Title,Aspirin,013530f0021f52f5f9c8e1b6d354a319,,,,,,,,,document.pdf,application/pdf,,,,,,,['eng'],2024-08-26T21:19:45,,,,,,,1,d0064dd668c6c018cd8a91886a0eb04c,,,,,,,,,,,,,"((22.4999990625, 355.3285984646411), (22.4999990625, 359.8285982771411), (36.25488127937989, 359.8285982771411), (36.25488127937989, 355.3285984646411))",PixelSpace,612,792
Title,Hives,67504f8d55bc6517974c0af4ed5bd97d,,,,,,,,,document.pdf,application/pdf,,,,,,,['eng'],2024-08-26T21:19:45,,,,,,,1,d0064dd668c6c018cd8a91886a0eb04c,,,,,,,,,,,,,"((287.31444302856437, 355.3285984646411), (287.31444302856437, 359.8285982771411), (298.56663981972287, 359.8285982771411), (298.56663981972287, 355.3285984646411))",PixelSpace,612,792
NarrativeText,Mild to moderate,320bebeb94b86b20553dcb87a17b35a6,,,,,,,,,document.pdf,application/pdf,,,,,,,['eng'],2024-08-26T21:19:45,,,,,,,1,67504f8d55bc6517974c0af4ed5bd97d,,,,,,,,,,,,,"((379.4999841875, 355.3285984646411), (379.4999841875, 359.8285982771411), (413.01487520604616, 359.8285982771411), (413.01487520604616, 355.3285984646411))",PixelSpace,612,792
Title,Active,a24ce31b7f33396ca5373d41a162be6a,,,,,,,,,document.pdf,application/pdf,,,,,,,['eng'],2024-08-26T21:19:45,,,,,,,1,d0064dd668c6c018cd8a91886a0eb04c,,,,,,,,,,,,,"((522.9667769597168, 355.3285984646411), (522.9667769597168, 359.8285982771411), (535.2209268341271, 359.8285982771411), (535.2209268341271, 355.3285984646411))",PixelSpace,612,792
Title,ASSESSMENT,72f52f7dabb986e05c76e33170df54e6,,,,,,,,,document.pdf,application/pdf,,,,,,,['eng'],2024-08-26T21:19:45,,,,,,,1,d0064dd668c6c018cd8a91886a0eb04c,,,,,,,,,,,,,"((33.74999859375, 385.886984221375), (33.74999859375, 392.90323355403126), (81.04652638006127, 392.90323355403126), (81.04652638006127, 385.886984221375))",PixelSpace,612,792
ListItem,"1. Recurrent GI bleed of unknown etiology; hypotension perhaps secondary to this but as likely secondary to polypharmacy. 2. Acute on chronic anemia secondary to #1. 3. Azotemia, acute renal failure with volume loss secondary to #1. 4. Hyperkalemia secondary to #3 and on ACE and K+ supplement. 5. Other chronic diagnoses as noted above, currently stable.",a11f9065193408167c4bd33d5769cb50,,,,,,,,,document.pdf,application/pdf,,,,,,,['eng'],2024-08-26T21:19:45,,,,,,,1,72f52f7dabb986e05c76e33170df54e6,,,,,,,,,,,,,"((27.076170746826172, 400.64646766639646), (27.076170746826172, 433.64646629139645), (354.4863124097363, 433.64646629139645), (354.4863124097363, 400.64646766639646))",PixelSpace,612,792
Title,REASON FOR VISIT/CHIEF COMPLAINT,a2b1e20731140f6bde34d43a4a64bf8b,,,,,,,,,document.pdf,application/pdf,,,,,,,['eng'],2024-08-26T21:19:45,,,,,,,1,d0064dd668c6c018cd8a91886a0eb04c,,,,,,,,,,,,,"((33.74999859375, 463.13698100262496), (33.74999859375, 470.15323033528125), (165.42152286443627, 470.15323033528125), (165.42152286443627, 463.13698100262496))",PixelSpace,612,792
Title,Dark stools.,8cd49ba38eab66f3435e8008eb39d81c,,,,,,,,,document.pdf,application/pdf,,,,,,,['eng'],2024-08-26T21:19:45,,,,,,,1,d0064dd668c6c018cd8a91886a0eb04c,,,,,,,,,,,,,"((18.74999921875, 477.89646444764645), (18.74999921875, 483.8964641976464), (50.42577905892578, 483.8964641976464), (50.42577905892578, 477.89646444764645))",PixelSpace,612,792
Title,FAMILY HISTORY,5d482c66ec9ec862f2343a3d207479af,,,,,,,,,document.pdf,application/pdf,,,,,,,['eng'],2024-08-26T21:19:45,,,,,,,1,d0064dd668c6c018cd8a91886a0eb04c,,,,,,,,,,,,,"((33.74999859375, 513.3869789088749), (33.74999859375, 520.4032282415312), (91.03507845112156, 520.4032282415312), (91.03507845112156, 513.3869789088749))",PixelSpace,612,792
NarrativeText,Father (deceased),b456efd52882228ea7a02110e61d2d75,,,,,,,,,document.pdf,application/pdf,,,,,,,['eng'],2024-08-26T21:19:45,,,,,,,1,5d482c66ec9ec862f2343a3d207479af,,,,,,,,,,,,,"((18.74999921875, 528.1464623538965), (18.74999921875, 534.1464621038965), (67.77538751602539, 534.1464621038965), (67.77538751602539, 528.1464623538965))",PixelSpace,612,792
Title,Diagnosis,df6e467b0e2fa78183c208bc0566c8a2,,,,,,,,,document.pdf,application/pdf,,,,,,,['eng'],2024-08-26T21:19:45,,,,,,,1,d0064dd668c6c018cd8a91886a0eb04c,,,,,,,,,,,,,"((22.4999990625, 542.924977378125), (22.4999990625, 548.174977159375), (46.510498062062496, 548.174977159375), (46.510498062062496, 542.924977378125))",PixelSpace,612,792
Title,Age At Onset,6329a9d79632725ede2f5ee79ad8ad22,,,,,,,,,document.pdf,application/pdf,,,,,,,['eng'],2024-08-26T21:19:45,,,,,,,1,d0064dd668c6c018cd8a91886a0eb04c,,,,,,,,,,,,,"((408.9785004592285, 542.924977378125), (408.9785004592285, 548.174977159375), (441.8704990887284, 548.174977159375), (441.8704990887284, 542.924977378125))",PixelSpace,612,792
Title,Myocardial Infarction (cause of death),cb6789dc23dcfac8519187db60c94aff,,,,,,,,,document.pdf,application/pdf,,,,,,,['eng'],2024-08-26T21:19:45,,,,,,,1,d0064dd668c6c018cd8a91886a0eb04c,,,,,,,,,,,,,"((22.4999990625, 553.7035901990162), (22.4999990625, 558.2035900115161), (97.78710494053708, 558.2035900115161), (97.78710494053708, 553.7035901990162))",PixelSpace,612,792
UncategorizedText,57,99edd010423d928854dd2b70e84b92ea,,,,,,,,,document.pdf,application/pdf,,,,,,,['eng'],2024-08-26T21:19:45,,,,,,,1,cb6789dc23dcfac8519187db60c94aff,,,,,,,,,,,,,"((408.9785004592285, 553.7035901990162), (408.9785004592285, 558.2035900115161), (413.98387131067136, 558.2035900115161), (413.98387131067136, 553.7035901990162))",PixelSpace,612,792
Title,Diabetes,d882e1d61b031f9b7c45859924c9e627,,,,,,,,,document.pdf,application/pdf,,,,,,,['eng'],2024-08-26T21:19:45,,,,,,,1,d0064dd668c6c018cd8a91886a0eb04c,,,,,,,,,,,,,"((22.4999990625, 563.453589792766), (22.4999990625, 567.9535896052661), (40.260496307479244, 567.9535896052661), (40.260496307479244, 563.453589792766))",PixelSpace,612,792
UncategorizedText,40,213729381f918b267229b3c74de2b70b,,,,,,,,,document.pdf,application/pdf,,,,,,,['eng'],2024-08-26T21:19:45,,,,,,,1,d882e1d61b031f9b7c45859924c9e627,,,,,,,,,,,,,"((408.9785004592285, 563.453589792766), (408.9785004592285, 567.9535896052661), (413.98387131067136, 567.9535896052661), (413.98387131067136, 563.453589792766))",PixelSpace,612,792
Title,GENERAL STATUS,100864b839cdbb9f827e7eebb1d21476,,,,,,,,,document.pdf,application/pdf,,,,,,,['eng'],2024-08-26T21:19:45,,,,,,,1,d0064dd668c6c018cd8a91886a0eb04c,,,,,,,,,,,,,"((33.74999859375, 594.0119755495), (33.74999859375, 601.0282248821562), (95.35967203030516, 601.0282248821562), (95.35967203030516, 594.0119755495))",PixelSpace,612,792
Title,"Alert and in good spirits, no acute distress.",187682cb2b70f0959c5aa2b255623fe4,,,,,,,,,document.pdf,application/pdf,,,,,,,['eng'],2024-08-26T21:19:45,,,,,,,1,d0064dd668c6c018cd8a91886a0eb04c,,,,,,,,,,,,,"((18.74999921875, 608.7714589945215), (18.74999921875, 614.7714587445215), (131.8095643479346, 614.7714587445215), (131.8095643479346, 608.7714589945215))",PixelSpace,612,792
Title,PAST MEDICAL HISTORY,2039aeb0625ee6a2a5c0dab8995c3406,,,,,,,,,document.pdf,application/pdf,,,,,,,['eng'],2024-08-26T21:19:45,,,,,,,1,d0064dd668c6c018cd8a91886a0eb04c,,,,,,,,,,,,,"((33.74999859375, 644.26197345575), (33.74999859375, 651.2782227884062), (116.91007737299657, 651.2782227884062), (116.91007737299657, 644.26197345575))",PixelSpace,612,792
Title,See History of Present Illness.,c8f767b5c257c32c70954ebbb1007d2e,,,,,,,,,document.pdf,application/pdf,,,,,,,['eng'],2024-08-26T21:19:45,,,,,,,1,d0064dd668c6c018cd8a91886a0eb04c,,,,,,,,,,,,,"((18.74999921875, 659.0214569007715), (18.74999921875, 665.0214566507715), (99.11718313011721, 665.0214566507715), (99.11718313011721, 659.0214569007715))",PixelSpace,612,792
Title,HISTORY OF PRESENT ILLNESS,7a5ecc262269c94d7a7ff3802e8b4907,,,,,,,,,document.pdf,application/pdf,,,,,,,['eng'],2024-08-26T21:19:45,,,,,,,1,d0064dd668c6c018cd8a91886a0eb04c,,,,,,,,,,,,,"((33.74999859375, 694.5119713619999), (33.74999859375, 701.5282206946563), (139.60967018655518, 701.5282206946563), (139.60967018655518, 694.5119713619999))",PixelSpace,612,792
NarrativeText,This patient was only recently discharged for a recurrent GI bleed as described below.,54b5675881b05c63a1abcbe1a81627dd,,,,,,,,,document.pdf,application/pdf,,,,,,,['eng'],2024-08-26T21:19:45,,,,,,,1,7a5ecc262269c94d7a7ff3802e8b4907,,,,,,,,,,,,,"((18.74999921875, 709.2714548070214), (18.74999921875, 715.2714545570215), (246.53612440766105, 715.2714545570215), (246.53612440766105, 709.2714548070214))",PixelSpace,612,792
NarrativeText,He presented to the ER today c/o a dark stool yesterday but a normal brown stool today. On exam he was hypotensive in the 80?s resolved after .... .... ....,5d8ced1c5fecbfcdaabe8ee0c5dd8247,,,,,,,,,document.pdf,application/pdf,,,,,,,['eng'],2024-08-26T21:19:45,,,,,,,1,7a5ecc262269c94d7a7ff3802e8b4907,,,,,,,,,,,,,"((18.74999921875, 722.0214542757715), (18.74999921875, 728.0214540257715), (427.18943360043943, 728.0214540257715), (427.18943360043943, 722.0214542757715))",PixelSpace,612,792
Footer,"Lab at discharge: Glucose 112, BUN 16, creatinine 1.1, electrolytes normal. H. pylori antibody pending. Admission hematocrit 16%, discharge hematocrit 29%. WBC 7300, platelet count 256,000. Urinalysis normal. Urine culture: No growth. INR 1.1, PTT 40.",7ce94b8c4f3b74e4955ccc03c4f7bc5b,,,,,,,,,document.pdf,application/pdf,,,,,,,['eng'],2024-08-26T21:19:45,,,,,,,1,,,,,,,,,,,,,,"((18.74999921875, 734.7714537445214), (18.74999921875, 747.5214532132715), (582.7118887103366, 747.5214532132715), (582.7118887103366, 734.7714537445214))",PixelSpace,612,792
Footer,He was transfused with 6 units of packed red blood cells with .... .... ....,5373948caaf52d07fbca366571c8831e,,,,,,,,,document.pdf,application/pdf,,,,,,,['eng'],2024-08-26T21:19:45,,,,,,,1,,,,,,,,,,,,,,"((18.74999921875, 754.2714529320215), (18.74999921875, 760.2714526820215), (205.50585007725587, 760.2714526820215), (205.50585007725587, 754.2714529320215))",PixelSpace,612,792
Footer,GI evaluation 12 September: Colonoscopy showed single red clot in .... .... ....,50b602516699f26cfccdce6dfac93080,,,,,,,,,document.pdf,application/pdf,,,,,,,['eng'],2024-08-26T21:19:45,,,,,,,1,,,,,,,,,,,,,,"((18.74999921875, 767.0214524007714), (18.74999921875, 773.0214521507714), (223.86034137248538, 773.0214521507714), (223.86034137248538, 767.0214524007714))",PixelSpace,612,792
Header,IMMUNIZATIONS,b57d1fb24988acfb7dd7e78465d560ac,,,,,,,,,document.pdf,application/pdf,,,,,,,['eng'],2024-08-26T21:19:45,,,,,,,2,,,,,,,,,,,,,,"((33.74999859375, 7.511999987000081), (33.74999859375, 14.528249319656311), (90.10967224905517, 14.528249319656311), (90.10967224905517, 7.511999987000081))",PixelSpace,612,792
Header,Vaccine,ba7ec6179acf4541f22793f0b0fefa45,,,,,,,,,document.pdf,application/pdf,,,,,,,['eng'],2024-08-26T21:19:45,,,,,,,2,,,,,,,,,,,,,,"((22.4999990625, 24.299998987499976), (22.4999990625, 29.5499987687499), (42.055498247687495, 29.5499987687499), (42.055498247687495, 24.299998987499976))",PixelSpace,612,792
Header,Date,66dd8448a64240806a46ab23a8822227,,,,,,,,,document.pdf,application/pdf,,,,,,,['eng'],2024-08-26T21:19:45,,,,,,,2,,,,,,,,,,,,,,"((382.0663903305664, 24.299998987499976), (382.0663903305664, 29.5499987687499), (394.12188982825387, 29.5499987687499), (394.12188982825387, 24.299998987499976))",PixelSpace,612,792
Header,Status,8549a342a0cd83ab2a193a85bf7d0f8b,,,,,,,,,document.pdf,application/pdf,,,,,,,['eng'],2024-08-26T21:19:45,,,,,,,2,,,,,,,,,,,,,,"((484.25388607275386, 24.299998987499976), (484.25388607275386, 29.5499987687499), (500.76438538481636, 29.5499987687499), (500.76438538481636, 24.299998987499976))",PixelSpace,612,792
Header,"Influenza virus vaccine, IM",8463fb4346cadbb7ffe657bd690709ce,,,,,,,,,document.pdf,application/pdf,,,,,,,['eng'],2024-08-26T21:19:45,,,,,,,2,,,,,,,,,,,,,,"((22.4999990625, 35.07861180839109), (22.4999990625, 39.57861162089114), (75.52221345324097, 39.57861162089114), (75.52221345324097, 35.07861180839109))",PixelSpace,612,792
Header,Nov 1999,820a5aca9ded73b2f8d067b0759efc7b,,,,,,,,,document.pdf,application/pdf,,,,,,,['eng'],2024-08-26T21:19:45,,,,,,,2,,,,,,,,,,,,,,"((382.0663903305664, 35.07861180839109), (382.0663903305664, 39.57861162089114), (401.3298171779236, 39.57861162089114), (401.3298171779236, 35.07861180839109))",PixelSpace,612,792
Header,Completed,58c0e3842e6eacc094028156e62bc7e2,,,,,,,,,document.pdf,application/pdf,,,,,,,['eng'],2024-08-26T21:19:45,,,,,,,2,,,,,,,,,,,,,,"((484.25388607275386, 35.07861180839109), (484.25388607275386, 39.57861162089114), (506.0156038260156, 39.57861162089114), (506.0156038260156, 35.07861180839109))",PixelSpace,612,792
Header,"Influenza virus vaccine, IM",9c4ed4a8fe2a2c17fef34095eefa0062,,,,,,,,,document.pdf,application/pdf,,,,,,,['eng'],2024-08-26T21:19:45,,,,,,,2,,,,,,,,,,,,,,"((22.4999990625, 44.828611402141064), (22.4999990625, 49.328611214641114), (75.52221345324097, 49.328611214641114), (75.52221345324097, 44.828611402141064))",PixelSpace,612,792
Header,Dec 1998,26951ac5d6e7a066450feff9ab4d31fc,,,,,,,,,document.pdf,application/pdf,,,,,,,['eng'],2024-08-26T21:19:45,,,,,,,2,,,,,,,,,,,,,,"((382.0663903305664, 44.828611402141064), (382.0663903305664, 49.328611214641114), (401.3298171779236, 49.328611214641114), (401.3298171779236, 44.828611402141064))",PixelSpace,612,792
Header,Completed,22579d09bbdc1aed408910603d32f716,,,,,,,,,document.pdf,application/pdf,,,,,,,['eng'],2024-08-26T21:19:45,,,,,,,2,,,,,,,,,,,,,,"((484.25388607275386, 44.828611402141064), (484.25388607275386, 49.328611214641114), (506.0156038260156, 49.328611214641114), (506.0156038260156, 44.828611402141064))",PixelSpace,612,792
Title,"Pneumococcal polysaccharide vaccine, IM",0431aff16cd213e85c0e5ce4be0c0eb7,,,,,,,,,document.pdf,application/pdf,,,,,,,['eng'],2024-08-26T21:19:45,,,,,,,2,22579d09bbdc1aed408910603d32f716,,,,,,,,,,,,,"((22.4999990625, 54.57861099589104), (22.4999990625, 59.07861080839109), (107.2902784345715, 59.07861080839109), (107.2902784345715, 54.57861099589104))",PixelSpace,612,792
UncategorizedText,Dec 1998,d604d64921d3807cd600051cc40717e5,,,,,,,,,document.pdf,application/pdf,,,,,,,['eng'],2024-08-26T21:19:45,,,,,,,2,0431aff16cd213e85c0e5ce4be0c0eb7,,,,,,,,,,,,,"((382.0663903305664, 54.57861099589104), (382.0663903305664, 59.07861080839109), (401.3298171779236, 59.07861080839109), (401.3298171779236, 54.57861099589104))",PixelSpace,612,792
Title,Completed,e4e8861c09d9155bec151072fc5bd3a4,,,,,,,,,document.pdf,application/pdf,,,,,,,['eng'],2024-08-26T21:19:45,,,,,,,2,22579d09bbdc1aed408910603d32f716,,,,,,,,,,,,,"((484.25388607275386, 54.57861099589104), (484.25388607275386, 59.07861080839109), (506.0156038260156, 59.07861080839109), (506.0156038260156, 54.57861099589104))",PixelSpace,612,792
Title,"Tetanus and diphtheria toxoids, IM",a2dbc3c7db90aa7405178793432f32b1,,,,,,,,,document.pdf,application/pdf,,,,,,,['eng'],2024-08-26T21:19:45,,,,,,,2,22579d09bbdc1aed408910603d32f716,,,,,,,,,,,,,"((22.4999990625, 64.32861058964102), (22.4999990625, 68.82861040214107), (91.04149978660399, 68.82861040214107), (91.04149978660399, 64.32861058964102))",PixelSpace,612,792
UncategorizedText,1997,4271dc49ff49f36ca04baba76d3b1c2c,,,,,,,,,document.pdf,application/pdf,,,,,,,['eng'],2024-08-26T21:19:45,,,,,,,2,a2dbc3c7db90aa7405178793432f32b1,,,,,,,,,,,,,"((382.0663903305664, 64.32861058964102), (382.0663903305664, 68.82861040214107), (392.07713203345213, 68.82861040214107), (392.07713203345213, 64.32861058964102))",PixelSpace,612,792
Title,Refused,79fa1021c1bc937181145ea45c25707a,,,,,,,,,document.pdf,application/pdf,,,,,,,['eng'],2024-08-26T21:19:45,,,,,,,2,22579d09bbdc1aed408910603d32f716,,,,,,,,,,,,,"((484.25388607275386, 64.32861058964102), (484.25388607275386, 68.82861040214107), (501.01462749438963, 68.82861040214107), (501.01462749438963, 64.32861058964102))",PixelSpace,612,792
Title,MEDICATIONS,c4e2a09b5c2f582f0b62f8f3053b6a23,,,,,,,,,document.pdf,application/pdf,,,,,,,['eng'],2024-08-26T21:19:45,,,,,,,2,22579d09bbdc1aed408910603d32f716,,,,,,,,,,,,,"((33.74999859375, 94.88699634637499), (33.74999859375, 101.90324567903122), (81.85967259280515, 101.90324567903122), (81.85967259280515, 94.88699634637499))",PixelSpace,612,792
Title,Medication,208faf6806a2ec6193bd1516da706e19,,,,,,,,,document.pdf,application/pdf,,,,,,,['eng'],2024-08-26T21:19:45,,,,,,,2,22579d09bbdc1aed408910603d32f716,,,,,,,,,,,,,"((22.4999990625, 111.674995346875), (22.4999990625, 116.92499512812492), (50.33174790284375, 116.92499512812492), (50.33174790284375, 111.674995346875))",PixelSpace,612,792
Title,Directions,ce943ff1debec63e989ad7499585517d,,,,,,,,,document.pdf,application/pdf,,,,,,,['eng'],2024-08-26T21:19:45,,,,,,,2,22579d09bbdc1aed408910603d32f716,,,,,,,,,,,,,"((149.31444877856435, 111.674995346875), (149.31444877856435, 116.92499512812492), (174.82494771562688, 116.92499512812492), (174.82494771562688, 111.674995346875))",PixelSpace,612,792
Title,Start Date,2c400d4cb58daf54bf3567cfdf97db2b,,,,,,,,,document.pdf,application/pdf,,,,,,,['eng'],2024-08-26T21:19:45,,,,,,,2,22579d09bbdc1aed408910603d32f716,,,,,,,,,,,,,"((325.9042851706542, 111.674995346875), (325.9042851706542, 116.92499512812492), (352.2097840745917, 116.92499512812492), (352.2097840745917, 111.674995346875))",PixelSpace,612,792
Title,Status,170a689a815e827c1a838a04f84fa905,,,,,,,,,document.pdf,application/pdf,,,,,,,['eng'],2024-08-26T21:19:45,,,,,,,2,22579d09bbdc1aed408910603d32f716,,,,,,,,,,,,,"((369.7792833425292, 111.674995346875), (369.7792833425292, 116.92499512812492), (386.28978265459165, 116.92499512812492), (386.28978265459165, 111.674995346875))",PixelSpace,612,792
Title,Indications,4a92ecd18c5adec7ce6122f641efcba8,,,,,,,,,document.pdf,application/pdf,,,,,,,['eng'],2024-08-26T21:19:45,,,,,,,2,22579d09bbdc1aed408910603d32f716,,,,,,,,,,,,,"((400.6874833046875, 111.674995346875), (400.6874833046875, 116.92499512812492), (428.07298216362494, 116.92499512812492), (428.07298216362494, 111.674995346875))",PixelSpace,612,792
Title,Proventil 0.09 MG/ACTUAT inhalant solution,daa4ea93a40805a338194c5d7e2b6445,,,,,,,,,document.pdf,application/pdf,,,,,,,['eng'],2024-08-26T21:19:45,,,,,,,2,22579d09bbdc1aed408910603d32f716,,,,,,,,,,,,,"((22.4999990625, 122.4536081677661), (22.4999990625, 126.95360798026616), (111.12450700231201, 126.95360798026616), (111.12450700231201, 122.4536081677661))",PixelSpace,612,792
NarrativeText,"0.09 MG/ACTUAT inhalant solution, 2 puffs QID PRN wheezing",ea5c715cf51d9d3278c4bc7a357e9434,,,,,,,,,document.pdf,application/pdf,,,,,,,['eng'],2024-08-26T21:19:45,,,,,,,2,daa4ea93a40805a338194c5d7e2b6445,,,,,,,,,,,,,"((149.31444877856435, 122.4536081677661), (149.31444877856435, 126.95360798026616), (275.3737697785924, 126.95360798026616), (275.3737697785924, 122.4536081677661))",PixelSpace,612,792
UncategorizedText,20070103,fe007ecd841632728606f3bcdcf2a461,,,,,,,,,document.pdf,application/pdf,,,,,,,['eng'],2024-08-26T21:19:45,,,,,,,2,daa4ea93a40805a338194c5d7e2b6445,,,,,,,,,,,,,"((325.9042851706542, 122.4536081677661), (325.9042851706542, 126.95360798026616), (345.9257685764257, 126.95360798026616), (345.9257685764257, 122.4536081677661))",PixelSpace,612,792
Title,Active,d803a7314e4e7021904d934bb19c518a,,,,,,,,,document.pdf,application/pdf,,,,,,,['eng'],2024-08-26T21:19:45,,,,,,,2,22579d09bbdc1aed408910603d32f716,,,,,,,,,,,,,"((369.7792833425292, 122.4536081677661), (369.7792833425292, 126.95360798026616), (382.0334332169396, 126.95360798026616), (382.0334332169396, 122.4536081677661))",PixelSpace,612,792
Title,Pneumonia (233604007 SNOMED CT),55626c842cd54f42c650c31396524b60,,,,,,,,,document.pdf,application/pdf,,,,,,,['eng'],2024-08-26T21:19:45,,,,,,,2,22579d09bbdc1aed408910603d32f716,,,,,,,,,,,,,"((400.6874833046875, 122.4536081677661), (400.6874833046875, 126.95360798026616), (478.47507743853754, 126.95360798026616), (478.47507743853754, 122.4536081677661))",PixelSpace,612,792
Title,PHYSICAL EXAMINATION,d6084b211a3cb53c17275a3c80124b4c,,,,,,,,,document.pdf,application/pdf,,,,,,,['eng'],2024-08-26T21:19:45,,,,,,,2,22579d09bbdc1aed408910603d32f716,,,,,,,,,,,,,"((33.74999859375, 153.01199392450008), (33.74999859375, 160.0282432571563), (119.94903597424829, 160.0282432571563), (119.94903597424829, 153.01199392450008))",PixelSpace,612,792
ListItem,"1. HEENT: All normal to examination. 2. Heart: RRR, no murmur. 3. THORAX & LUNGS: Clear without rhonchi or wheeze. 4. ABDOMEN: No distension, tenderness, or guarding, obese, pos bowel sounds. 5. BACK: Normal to inspection and palpation, without tenderness; no presacral edema. 6. EXTREMITIES: Doughy edema bilaterally, chronic stasis changes, no asymmetrical swelling.",44cad23735260349c215d3c6f549298c,,,,,,,,,document.pdf,application/pdf,,,,,,,['eng'],2024-08-26T21:19:45,,,,,,,2,d6084b211a3cb53c17275a3c80124b4c,,,,,,,,,,,,,"((27.076170746826172, 167.77147736952145), (27.076170746826172, 207.52147571327146), (280.06932474044436, 207.52147571327146), (280.06932474044436, 167.77147736952145))",PixelSpace,612,792
Title,PLAN OF CARE,0c529176e7963cb346e820d2de11b728,,,,,,,,,document.pdf,application/pdf,,,,,,,['eng'],2024-08-26T21:19:45,,,,,,,2,22579d09bbdc1aed408910603d32f716,,,,,,,,,,,,,"((33.74999859375, 237.0119904244999), (33.74999859375, 244.02823975715614), (85.24482747125704, 244.02823975715614), (85.24482747125704, 237.0119904244999))",PixelSpace,612,792
Title,Planned Activity,43df49083ac293366082d7879a9965b7,,,,,,,,,document.pdf,application/pdf,,,,,,,['eng'],2024-08-26T21:19:45,,,,,,,2,22579d09bbdc1aed408910603d32f716,,,,,,,,,,,,,"((22.4999990625, 253.79998942500004), (22.4999990625, 259.04998920624996), (63.842247339906244, 259.04998920624996), (63.842247339906244, 253.79998942500004))",PixelSpace,612,792
Title,Planned Date,af03dcfe1cfbe6c0ec669f6a9a085cdf,,,,,,,,,document.pdf,application/pdf,,,,,,,['eng'],2024-08-26T21:19:45,,,,,,,2,22579d09bbdc1aed408910603d32f716,,,,,,,,,,,,,"((333.6855348464355, 253.79998942500004), (333.6855348464355, 259.04998920624996), (367.49103343787294, 259.04998920624996), (367.49103343787294, 253.79998942500004))",PixelSpace,612,792
Title,Colonoscopy,1a54e20878426283dac2d6a0b89ce7dd,,,,,,,,,document.pdf,application/pdf,,,,,,,['eng'],2024-08-26T21:19:45,,,,,,,2,22579d09bbdc1aed408910603d32f716,,,,,,,,,,,,,"((22.4999990625, 264.57860224589103), (22.4999990625, 269.0786020583911), (48.51562288851562, 269.0786020583911), (48.51562288851562, 264.57860224589103))",PixelSpace,612,792
UncategorizedText,20120512,f9bda91a43d40e6e1264dd05a53cba90,,,,,,,,,document.pdf,application/pdf,,,,,,,['eng'],2024-08-26T21:19:45,,,,,,,2,1a54e20878426283dac2d6a0b89ce7dd,,,,,,,,,,,,,"((333.6855348464355, 264.57860224589103), (333.6855348464355, 269.0786020583911), (353.707018252207, 269.0786020583911), (353.707018252207, 264.57860224589103))",PixelSpace,612,792
Title,PROBLEMS,c8671147b901ea0bbc3cf6c9efdb3a8a,,,,,,,,,document.pdf,application/pdf,,,,,,,['eng'],2024-08-26T21:19:45,,,,,,,2,22579d09bbdc1aed408910603d32f716,,,,,,,,,,,,,"((33.74999859375, 295.13698800262506), (33.74999859375, 302.15323733528135), (72.85967296780517, 302.15323733528135), (72.85967296780517, 295.13698800262506))",PixelSpace,612,792
ListItem,1. Pneumonia : Status - Resolved 2. Asthma : Status - Active,7f52cb7b32b09c053f6239b241442d57,,,,,,,,,document.pdf,application/pdf,,,,,,,['eng'],2024-08-26T21:19:45,,,,,,,2,c8671147b901ea0bbc3cf6c9efdb3a8a,,,,,,,,,,,,,"((27.076170746826172, 309.8964714476465), (27.076170746826172, 322.64647091639637), (116.46093234746095, 322.64647091639637), (116.46093234746095, 309.8964714476465))",PixelSpace,612,792
Title,PROCEDURES,0fca3177bd4c7c5f7f5ce8f541356ec3,,,,,,,,,document.pdf,application/pdf,,,,,,,['eng'],2024-08-26T21:19:45,,,,,,,2,22579d09bbdc1aed408910603d32f716,,,,,,,,,,,,,"((33.74999859375, 352.13698562762494), (33.74999859375, 359.1532349602812), (81.85967259280515, 359.1532349602812), (81.85967259280515, 352.13698562762494))",PixelSpace,612,792
Title,Procedure,77c48615ea67c78d11eed9339ba77d3f,,,,,,,,,document.pdf,application/pdf,,,,,,,['eng'],2024-08-26T21:19:45,,,,,,,2,22579d09bbdc1aed408910603d32f716,,,,,,,,,,,,,"((22.4999990625, 368.92498462812506), (22.4999990625, 374.1749844093751), (49.555497935187496, 374.1749844093751), (49.555497935187496, 368.92498462812506))",PixelSpace,612,792
Title,Date,656e560b0afd57bd60202fc75e770a30,,,,,,,,,document.pdf,application/pdf,,,,,,,['eng'],2024-08-26T21:19:45,,,,,,,2,22579d09bbdc1aed408910603d32f716,,,,,,,,,,,,,"((435.7324055944824, 368.92498462812506), (435.7324055944824, 374.1749844093751), (447.78790509216986, 374.1749844093751), (447.78790509216986, 368.92498462812506))",PixelSpace,612,792
Title,Colonic polypectomy,d829ccc4d136fe16392ca336fa5b1d06,,,,,,,,,document.pdf,application/pdf,,,,,,,['eng'],2024-08-26T21:19:45,,,,,,,2,22579d09bbdc1aed408910603d32f716,,,,,,,,,,,,,"((22.4999990625, 379.7035974490162), (22.4999990625, 384.20359726151617), (64.01952844751953, 384.20359726151617), (64.01952844751953, 379.7035974490162))",PixelSpace,612,792
UncategorizedText,1998,5a8fb3418dfd7cee9fd562dee02511fc,,,,,,,,,document.pdf,application/pdf,,,,,,,['eng'],2024-08-26T21:19:45,,,,,,,2,d829ccc4d136fe16392ca336fa5b1d06,,,,,,,,,,,,,"((435.7324055944824, 379.7035974490162), (435.7324055944824, 384.20359726151617), (445.7431472973681, 384.20359726151617), (445.7431472973681, 379.7035974490162))",PixelSpace,612,792
Title,RESULTS,2abc716f567fa4dbe3eb13c7706307fe,,,,,,,,,document.pdf,application/pdf,,,,,,,['eng'],2024-08-26T21:19:45,,,,,,,2,22579d09bbdc1aed408910603d32f716,,,,,,,,,,,,,"((33.74999859375, 410.2619832057499), (33.74999859375, 417.2782325384062), (64.60967331155517, 417.2782325384062), (64.60967331155517, 410.2619832057499))",PixelSpace,612,792
Title,LABORATORY INFORMATION,ecd6a0282c71855b1296cbbbb3556a14,,,,,,,,,document.pdf,application/pdf,,,,,,,['eng'],2024-08-26T21:19:45,,,,,,,2,22579d09bbdc1aed408910603d32f716,,,,,,,,,,,,,"((21.74999909375, 426.9535954802662), (21.74999909375, 431.4535952927662), (84.34350253818722, 431.4535952927662), (84.34350253818722, 426.9535954802662))",PixelSpace,612,792
Title,Chemistries and drug levels,1cfab947bb00b51762010eb459c87fbc,,,,,,,,,document.pdf,application/pdf,,,,,,,['eng'],2024-08-26T21:19:45,,,,,,,2,22579d09bbdc1aed408910603d32f716,,,,,,,,,,,,,"((21.74999909375, 435.95359510526606), (21.74999909375, 440.45359491776605), (77.27489891021239, 440.45359491776605), (77.27489891021239, 435.95359510526606))",PixelSpace,612,792
UncategorizedText,HGB (M 13-18 g/dl; F 12-16 g/dl),43045f20cbbfbc211e01419529570d15,,,,,,,,,document.pdf,application/pdf,,,,,,,['eng'],2024-08-26T21:19:45,,,,,,,2,1cfab947bb00b51762010eb459c87fbc,,,,,,,,,,,,,"((21.74999909375, 444.95359473026616), (21.74999909375, 449.45359454276615), (87.27685152846436, 449.45359454276615), (87.27685152846436, 444.95359473026616))",PixelSpace,612,792
UncategorizedText,13.2,7c068d6bfe8ff6a96dd4c778c18ecac5,,,,,,,,,document.pdf,application/pdf,,,,,,,['eng'],2024-08-26T21:19:45,,,,,,,2,1cfab947bb00b51762010eb459c87fbc,,,,,,,,,,,,,"((296.0331926652831, 444.95359473026616), (296.0331926652831, 449.45359454276615), (304.7914930253539, 449.45359454276615), (304.7914930253539, 444.95359473026616))",PixelSpace,612,792
UncategorizedText,WBC (4.3-10.8 10+3/ul),8cd4f1ff7fa92ab3344bf162ad04c4a0,,,,,,,,,document.pdf,application/pdf,,,,,,,['eng'],2024-08-26T21:19:45,,,,,,,2,1cfab947bb00b51762010eb459c87fbc,,,,,,,,,,,,,"((21.74999909375, 453.95359435526603), (21.74999909375, 458.453594167766), (69.14721376386598, 458.453594167766), (69.14721376386598, 453.95359435526603))",PixelSpace,612,792
UncategorizedText,6.7,ebc7a74564031872fedb327097a63d67,,,,,,,,,document.pdf,application/pdf,,,,,,,['eng'],2024-08-26T21:19:45,,,,,,,2,1cfab947bb00b51762010eb459c87fbc,,,,,,,,,,,,,"((296.0331926652831, 453.95359435526603), (296.0331926652831, 458.453594167766), (302.28880759963243, 458.453594167766), (302.28880759963243, 453.95359435526603))",PixelSpace,612,792
UncategorizedText,PLT (135-145 meq/l),101501e260b5fd0bb6d7f430b635ec06,,,,,,,,,document.pdf,application/pdf,,,,,,,['eng'],2024-08-26T21:19:45,,,,,,,2,1cfab947bb00b51762010eb459c87fbc,,,,,,,,,,,,,"((21.74999909375, 462.95359398026613), (21.74999909375, 467.4535937927661), (62.60375699401001, 467.4535937927661), (62.60375699401001, 462.95359398026613))",PixelSpace,612,792
UncategorizedText,123 (L),76035acec7893196c644282a6119a4d8,,,,,,,,,document.pdf,application/pdf,,,,,,,['eng'],2024-08-26T21:19:45,,,,,,,2,1cfab947bb00b51762010eb459c87fbc,,,,,,,,,,,,,"((296.0331926652831, 462.95359398026613), (296.0331926652831, 467.4535937927661), (310.2912486161974, 467.4535937927661), (310.2912486161974, 462.95359398026613))",PixelSpace,612,792
Title,Liver Functions and Other Laboratory Values,a60295c6b2a9e23c5431961f901ede1a,,,,,,,,,document.pdf,application/pdf,,,,,,,['eng'],2024-08-26T21:19:45,,,,,,,2,22579d09bbdc1aed408910603d32f716,,,,,,,,,,,,,"((21.74999909375, 471.953593605266), (21.74999909375, 476.453593417766), (110.96557033143435, 476.453593417766), (110.96557033143435, 471.953593605266))",PixelSpace,612,792
UncategorizedText,ALT (SGPT),517c7b1e3d4937ea4ac5a6cfb1e54ff8,,,,,,,,,document.pdf,application/pdf,,,,,,,['eng'],2024-08-26T21:19:45,,,,,,,2,a60295c6b2a9e23c5431961f901ede1a,,,,,,,,,,,,,"((21.74999909375, 480.9535932302661), (21.74999909375, 485.4535930427661), (46.086912142211915, 485.4535930427661), (46.086912142211915, 480.9535932302661))",PixelSpace,612,792
UncategorizedText,31.0,2f27cca720cf39efedbd600f61fa2e0f,,,,,,,,,document.pdf,application/pdf,,,,,,,['eng'],2024-08-26T21:19:45,,,,,,,2,a60295c6b2a9e23c5431961f901ede1a,,,,,,,,,,,,,"((296.0331926652831, 480.9535932302661), (296.0331926652831, 485.4535930427661), (304.7914930253539, 485.4535930427661), (304.7914930253539, 480.9535932302661))",PixelSpace,612,792
UncategorizedText,AST (SGOT),b12d37898548b8a6d933278effa0ca44,,,,,,,,,document.pdf,application/pdf,,,,,,,['eng'],2024-08-26T21:19:45,,,,,,,2,a60295c6b2a9e23c5431961f901ede1a,,,,,,,,,,,,,"((21.74999909375, 489.9535928552662), (21.74999909375, 494.4535926677662), (47.41845510423095, 494.4535926677662), (47.41845510423095, 489.9535928552662))",PixelSpace,612,792
UncategorizedText,18.0,93ccc26e3b3b431efe42ec291e9ec928,,,,,,,,,document.pdf,application/pdf,,,,,,,['eng'],2024-08-26T21:19:45,,,,,,,2,a60295c6b2a9e23c5431961f901ede1a,,,,,,,,,,,,,"((296.0331926652831, 489.9535928552662), (296.0331926652831, 494.4535926677662), (304.7914930253539, 494.4535926677662), (304.7914930253539, 489.9535928552662))",PixelSpace,612,792
Title,GGT,dbdedc848cf64d4f2b56d4e7005bf74c,,,,,,,,,document.pdf,application/pdf,,,,,,,['eng'],2024-08-26T21:19:45,,,,,,,2,22579d09bbdc1aed408910603d32f716,,,,,,,,,,,,,"((21.74999909375, 498.9535924802661), (21.74999909375, 503.4535922927661), (31.499266237530517, 503.4535922927661), (31.499266237530517, 498.9535924802661))",PixelSpace,612,792
UncategorizedText,28.0 Alk,d386f92c77d71d6ef5a8a44129bf9525,,,,,,,,,document.pdf,application/pdf,,,,,,,['eng'],2024-08-26T21:19:45,,,,,,,2,dbdedc848cf64d4f2b56d4e7005bf74c,,,,,,,,,,,,,"((296.0331926652831, 498.9535924802661), (296.0331926652831, 503.4535922927661), (312.04466671813833, 503.4535922927661), (312.04466671813833, 498.9535924802661))",PixelSpace,612,792
Title,Phos,b86618c505edd861afa2b13a846cc567,,,,,,,,,document.pdf,application/pdf,,,,,,,['eng'],2024-08-26T21:19:45,,,,,,,2,22579d09bbdc1aed408910603d32f716,,,,,,,,,,,,,"((21.74999909375, 507.9535921052662), (21.74999909375, 512.4535919177662), (32.00683458138183, 512.4535919177662), (32.00683458138183, 507.9535921052662))",PixelSpace,612,792
UncategorizedText,86.0,4b72952670733c10de87e9e7d31d4cd6,,,,,,,,,document.pdf,application/pdf,,,,,,,['eng'],2024-08-26T21:19:45,,,,,,,2,b86618c505edd861afa2b13a846cc567,,,,,,,,,,,,,"((296.0331926652831, 507.9535921052662), (296.0331926652831, 512.4535919177662), (304.7914930253539, 512.4535919177662), (304.7914930253539, 507.9535921052662))",PixelSpace,612,792
Title,Total Bili,bad8bb57d253b2ef198bc607e18d1b65,,,,,,,,,document.pdf,application/pdf,,,,,,,['eng'],2024-08-26T21:19:45,,,,,,,2,22579d09bbdc1aed408910603d32f716,,,,,,,,,,,,,"((21.74999909375, 516.953591730266), (21.74999909375, 521.453591542766), (38.50634604056884, 521.453591542766), (38.50634604056884, 516.953591730266))",PixelSpace,612,792
UncategorizedText,0.1,8bf1935ead9e34e1794964a2f1557fd9,,,,,,,,,document.pdf,application/pdf,,,,,,,['eng'],2024-08-26T21:19:45,,,,,,,2,bad8bb57d253b2ef198bc607e18d1b65,,,,,,,,,,,,,"((296.0331926652831, 516.953591730266), (296.0331926652831, 521.453591542766), (302.28880759963243, 521.453591542766), (302.28880759963243, 516.953591730266))",PixelSpace,612,792
Title,Albumin,bb59a408b6e724cbf877a58640461c50,,,,,,,,,document.pdf,application/pdf,,,,,,,['eng'],2024-08-26T21:19:45,,,,,,,2,22579d09bbdc1aed408910603d32f716,,,,,,,,,,,,,"((21.74999909375, 525.9535913552661), (21.74999909375, 530.4535911677661), (38.00756673635132, 530.4535911677661), (38.00756673635132, 525.9535913552661))",PixelSpace,612,792
UncategorizedText,3.2,89f05b0595993aeedcb56b9fdc9b7eca,,,,,,,,,document.pdf,application/pdf,,,,,,,['eng'],2024-08-26T21:19:45,,,,,,,2,bb59a408b6e724cbf877a58640461c50,,,,,,,,,,,,,"((296.0331926652831, 525.9535913552661), (296.0331926652831, 530.4535911677661), (302.28880759963243, 530.4535911677661), (302.28880759963243, 525.9535913552661))",PixelSpace,612,792
Title,Blood Count,ba29fa0fbbfbe7c92a041ebb9f32b7bb,,,,,,,,,document.pdf,application/pdf,,,,,,,['eng'],2024-08-26T21:19:45,,,,,,,2,22579d09bbdc1aed408910603d32f716,,,,,,,,,,,,,"((21.74999909375, 534.953590980266), (21.74999909375, 539.453590792766), (46.51757609676758, 539.453590792766), (46.51757609676758, 534.953590980266))",PixelSpace,612,792
Title,White Count,f20242ecfc387d77d5ea8ce6f523a421,,,,,,,,,document.pdf,application/pdf,,,,,,,['eng'],2024-08-26T21:19:45,,,,,,,2,22579d09bbdc1aed408910603d32f716,,,,,,,,,,,,,"((21.74999909375, 543.9535906052661), (21.74999909375, 548.4535904177661), (46.51098431704223, 548.4535904177661), (46.51098431704223, 543.9535906052661))",PixelSpace,612,792
UncategorizedText,7.7,f985b1995a153832efcdbc57924a1756,,,,,,,,,document.pdf,application/pdf,,,,,,,['eng'],2024-08-26T21:19:45,,,,,,,2,f20242ecfc387d77d5ea8ce6f523a421,,,,,,,,,,,,,"((296.0331926652831, 543.9535906052661), (296.0331926652831, 548.4535904177661), (302.28880759963243, 548.4535904177661), (302.28880759963243, 543.9535906052661))",PixelSpace,612,792
Title,Platelets,c1d523394a1773eb5232d18c1621e510,,,,,,,,,document.pdf,application/pdf,,,,,,,['eng'],2024-08-26T21:19:45,,,,,,,2,22579d09bbdc1aed408910603d32f716,,,,,,,,,,,,,"((21.74999909375, 552.953590230266), (21.74999909375, 557.453590042766), (39.00951981960327, 557.453590042766), (39.00951981960327, 552.953590230266))",PixelSpace,612,792
UncategorizedText,187.0,b3aa659c71c10b72158d5226dad2ae61,,,,,,,,,document.pdf,application/pdf,,,,,,,['eng'],2024-08-26T21:19:45,,,,,,,2,c1d523394a1773eb5232d18c1621e510,,,,,,,,,,,,,"((296.0331926652831, 552.953590230266), (296.0331926652831, 557.453590042766), (307.2941784510753, 557.453590042766), (307.2941784510753, 552.953590230266))",PixelSpace,612,792
Title,Hematocrit,45036fe1ee4fcfa04168975713fee025,,,,,,,,,document.pdf,application/pdf,,,,,,,['eng'],2024-08-26T21:19:45,,,,,,,2,22579d09bbdc1aed408910603d32f716,,,,,,,,,,,,,"((21.74999909375, 561.953589855266), (21.74999909375, 566.4535896677661), (43.50512506728637, 566.4535896677661), (43.50512506728637, 561.953589855266))",PixelSpace,612,792
UncategorizedText,23.7,88925864b2f08fa65015c9bb4ed16bce,,,,,,,,,document.pdf,application/pdf,,,,,,,['eng'],2024-08-26T21:19:45,,,,,,,2,45036fe1ee4fcfa04168975713fee025,,,,,,,,,,,,,"((296.0331926652831, 561.953589855266), (296.0331926652831, 566.4535896677661), (304.7914930253539, 566.4535896677661), (304.7914930253539, 561.953589855266))",PixelSpace,612,792
Title,Hemoglobin,48ea2bffba7263e49674272c11bc3536,,,,,,,,,document.pdf,application/pdf,,,,,,,['eng'],2024-08-26T21:19:45,,,,,,,2,22579d09bbdc1aed408910603d32f716,,,,,,,,,,,,,"((21.74999909375, 570.9535894802661), (21.74999909375, 575.4535892927662), (45.763914013170165, 575.4535892927662), (45.763914013170165, 570.9535894802661))",PixelSpace,612,792
UncategorizedText,8.1,9c8c633a0bae1557ccf51392ba3c4918,,,,,,,,,document.pdf,application/pdf,,,,,,,['eng'],2024-08-26T21:19:45,,,,,,,2,48ea2bffba7263e49674272c11bc3536,,,,,,,,,,,,,"((296.0331926652831, 570.9535894802661), (296.0331926652831, 575.4535892927662), (302.28880759963243, 575.4535892927662), (302.28880759963243, 570.9535894802661))",PixelSpace,612,792
Title,ELECTROCARDIOGRAM (EKG) INFORMATION,a2a42a593ae5b83cf4e2abb5a431a552,,,,,,,,,document.pdf,application/pdf,,,,,,,['eng'],2024-08-26T21:19:45,,,,,,,2,22579d09bbdc1aed408910603d32f716,,,,,,,,,,,,,"((21.74999909375, 579.953589105266), (21.74999909375, 584.4535889177661), (120.16991590791996, 584.4535889177661), (120.16991590791996, 579.953589105266))",PixelSpace,612,792
Title,EKG,39c954531f228e78b74d96a436d33297,,,,,,,,,document.pdf,application/pdf,,,,,,,['eng'],2024-08-26T21:19:45,,,,,,,2,22579d09bbdc1aed408910603d32f716,,,,,,,,,,,,,"((21.74999909375, 588.9535887302661), (21.74999909375, 593.4535885427662), (31.253172542784423, 593.4535885427662), (31.253172542784423, 588.9535887302661))",PixelSpace,612,792
Title,Sinus rhythm without acute changes,e8a7f1149bd1f3b706e457c36dc877f7,,,,,,,,,document.pdf,application/pdf,,,,,,,['eng'],2024-08-26T21:19:45,,,,,,,2,22579d09bbdc1aed408910603d32f716,,,,,,,,,,,,,"((296.0331926652831, 588.9535887302661), (296.0331926652831, 593.4535885427662), (368.32322842319815, 593.4535885427662), (368.32322842319815, 588.9535887302661))",PixelSpace,612,792
Title,REVIEW OF SYSTEMS,36d15bc96aafa3036599e1a628a562f8,,,,,,,,,document.pdf,application/pdf,,,,,,,['eng'],2024-08-26T21:19:45,,,,,,,2,22579d09bbdc1aed408910603d32f716,,,,,,,,,,,,,"((33.74999859375, 618.7619745182499), (33.74999859375, 625.7782238509062), (105.48467160843016, 625.7782238509062), (105.48467160843016, 618.7619745182499))",PixelSpace,612,792
NarrativeText,"Patient denies recent history of fever or malaise. Positive for weakness and shortness of breath. One episode of melena. No recent headaches. Positive for osteoarthritis in hips, knees and hands.",92736e436d48e324288df581739ad79a,,,,,,,,,document.pdf,application/pdf,,,,,,,['eng'],2024-08-26T21:19:45,,,,,,,2,36d15bc96aafa3036599e1a628a562f8,,,,,,,,,,,,,"((18.74999921875, 633.5214579632714), (18.74999921875, 639.5214577132714), (536.0361082051601, 639.5214577132714), (536.0361082051601, 633.5214579632714))",PixelSpace,612,792
Title,SOCIAL HISTORY,0de5a4d5fd442338c20957e0bb9b0953,,,,,,,,,document.pdf,application/pdf,,,,,,,['eng'],2024-08-26T21:19:45,,,,,,,2,22579d09bbdc1aed408910603d32f716,,,,,,,,,,,,,"((33.74999859375, 669.0119724244998), (33.74999859375, 676.0282217571562), (92.53507838862157, 676.0282217571562), (92.53507838862157, 669.0119724244998))",PixelSpace,612,792
Title,Social History Element,6ac6e92d02be35ce3f4339b51238d90b,,,,,,,,,document.pdf,application/pdf,,,,,,,['eng'],2024-08-26T21:19:45,,,,,,,2,22579d09bbdc1aed408910603d32f716,,,,,,,,,,,,,"((22.4999990625, 685.7999714250001), (22.4999990625, 691.04997120625), (79.39199669199999, 691.04997120625), (79.39199669199999, 685.7999714250001))",PixelSpace,612,792
Title,Description,0582a8bca08f905b5a7a1d0437d47519,,,,,,,,,document.pdf,application/pdf,,,,,,,['eng'],2024-08-26T21:19:45,,,,,,,2,22579d09bbdc1aed408910603d32f716,,,,,,,,,,,,,"((198.52733547802734, 685.7999714250001), (198.52733547802734, 691.04997120625), (227.4840842714961, 691.04997120625), (227.4840842714961, 685.7999714250001))",PixelSpace,612,792
Title,E ective Dates,e3ebd3fec03f06c5b77cbd9f0ead6edd,,,,,,,,,document.pdf,application/pdf,,,,,,,['eng'],2024-08-26T21:19:45,,,,,,,2,22579d09bbdc1aed408910603d32f716,,,,,,,,,,,,,"((393.6035010998535, 685.7999714250001), (393.6035010998535, 691.04997120625), (431.4889995212909, 691.04997120625), (431.4889995212909, 685.7999714250001))",PixelSpace,612,792
Title,Tobacco smoking status,34f343607f0284680bfb5521321d4bc8,,,,,,,,,document.pdf,application/pdf,,,,,,,['eng'],2024-08-26T21:19:45,,,,,,,2,22579d09bbdc1aed408910603d32f716,,,,,,,,,,,,,"((22.4999990625, 696.5785842458911), (22.4999990625, 701.0785840583911), (70.52343438152344, 701.0785840583911), (70.52343438152344, 696.5785842458911))",PixelSpace,612,792
Title,Former smoke,a06af757a24c0d24fa125a5948322d8d,,,,,,,,,document.pdf,application/pdf,,,,,,,['eng'],2024-08-26T21:19:45,,,,,,,2,22579d09bbdc1aed408910603d32f716,,,,,,,,,,,,,"((198.52733547802734, 696.5785842458911), (198.52733547802734, 701.0785840583911), (227.53124038453126, 701.0785840583911), (227.53124038453126, 696.5785842458911))",PixelSpace,612,792
UncategorizedText,20050501 to 200902271300-0500,742ec698afa7b5b3565fd1c572533121,,,,,,,,,document.pdf,application/pdf,,,,,,,['eng'],2024-08-26T21:19:45,,,,,,,2,a06af757a24c0d24fa125a5948322d8d,,,,,,,,,,,,,"((393.6035010998535, 696.5785842458911), (393.6035010998535, 701.0785840583911), (461.41990407416984, 701.0785840583911), (461.41990407416984, 696.5785842458911))",PixelSpace,612,792
Title,History of industrial exposure,98793d017926482f4dde3a82e2f9dbe6,,,,,,,,,document.pdf,application/pdf,,,,,,,['eng'],2024-08-26T21:19:45,,,,,,,2,22579d09bbdc1aed408910603d32f716,,,,,,,,,,,,,"((22.4999990625, 706.3285838396409), (22.4999990625, 710.828583652141), (80.52538704477539, 710.828583652141), (80.52538704477539, 706.3285838396409))",PixelSpace,612,792
NarrativeText,5 years of working with asbestos,e0092d4361b65c0f4988cdd8d6a84170,,,,,,,,,document.pdf,application/pdf,,,,,,,['eng'],2024-08-26T21:19:45,,,,,,,2,98793d017926482f4dde3a82e2f9dbe6,,,,,,,,,,,,,"((198.52733547802734, 706.3285838396409), (198.52733547802734, 710.828583652141), (263.55760595843265, 710.828583652141), (263.55760595843265, 706.3285838396409))",PixelSpace,612,792
UncategorizedText,20050501-20100431,3515a6f90e4b5d8738ed0c386041737d,,,,,,,,,document.pdf,application/pdf,,,,,,,['eng'],2024-08-26T21:19:45,,,,,,,2,98793d017926482f4dde3a82e2f9dbe6,,,,,,,,,,,,,"((393.6035010998535, 706.3285838396409), (393.6035010998535, 710.828583652141), (435.14500299395746, 710.828583652141), (435.14500299395746, 706.3285838396409))",PixelSpace,612,792
Title,Alcoholic drinks per day,67d77f70c971b119706ee7b534e2b299,,,,,,,,,document.pdf,application/pdf,,,,,,,['eng'],2024-08-26T21:19:45,,,,,,,2,22579d09bbdc1aed408910603d32f716,,,,,,,,,,,,,"((22.4999990625, 716.078583433391), (22.4999990625, 720.5785832458911), (70.02245786239746, 720.5785832458911), (70.02245786239746, 716.078583433391))",PixelSpace,612,792
UncategorizedText,0,8e541b562f7136bf2e7717a7392dbade,,,,,,,,,document.pdf,application/pdf,,,,,,,['eng'],2024-08-26T21:19:45,,,,,,,2,67d77f70c971b119706ee7b534e2b299,,,,,,,,,,,,,"((198.52733547802734, 716.078583433391), (198.52733547802734, 720.5785832458911), (201.03002090374878, 720.5785832458911), (201.03002090374878, 716.078583433391))",PixelSpace,612,792
UncategorizedText,20050501 -,7d15328ada63f9194c0928729dbd169f,,,,,,,,,document.pdf,application/pdf,,,,,,,['eng'],2024-08-26T21:19:45,,,,,,,2,67d77f70c971b119706ee7b534e2b299,,,,,,,,,,,,,"((393.6035010998535, 716.078583433391), (393.6035010998535, 720.5785832458911), (416.3737636710925, 720.5785832458911), (416.3737636710925, 716.078583433391))",PixelSpace,612,792
Footer,VITAL SIGNS,2844f136b0e4ea1a20258c893d6205df,,,,,,,,,document.pdf,application/pdf,,,,,,,['eng'],2024-08-26T21:19:45,,,,,,,2,,,,,,,,,,,,,,"((33.74999859375, 746.6369691901251), (33.74999859375, 753.6532185227813), (76.98467279593017, 753.6532185227813), (76.98467279593017, 746.6369691901251))",PixelSpace,612,792
Footer,Date / Time:,91a22b49c5ea804fde6ee887167b6001,,,,,,,,,document.pdf,application/pdf,,,,,,,['eng'],2024-08-26T21:19:45,,,,,,,2,,,,,,,,,,,,,,"((22.4999990625, 763.424968190625), (22.4999990625, 768.6749679718749), (52.2074978246875, 768.6749679718749), (52.2074978246875, 763.424968190625))",PixelSpace,612,792
Footer,"Nov 14, 1999",3648c5e1aa1b4676b1c18fd5b7a10bc2,,,,,,,,,document.pdf,application/pdf,,,,,,,['eng'],2024-08-26T21:19:45,,,,,,,2,,,,,,,,,,,,,,"((239.30858377880858, 763.424968190625), (239.30858377880858, 768.6749679718749), (269.92808250299606, 768.6749679718749), (269.92808250299606, 763.424968190625))",PixelSpace,612,792
Footer,"April 7, 2000",f4e2ea05da14d57c7791e76f863c2274,,,,,,,,,document.pdf,application/pdf,,,,,,,['eng'],2024-08-26T21:19:45,,,,,,,2,,,,,,,,,,,,,,"((417.7734200927734, 763.424968190625), (417.7734200927734, 768.6749679718749), (448.48216881324214, 768.6749679718749), (448.48216881324214, 763.424968190625))",PixelSpace,612,792
Footer,Height,f90f2819305afe4ee4c2b58cab7b907f,,,,,,,,,document.pdf,application/pdf,,,,,,,['eng'],2024-08-26T21:19:45,,,,,,,2,,,,,,,,,,,,,,"((22.4999990625, 774.3625165498937), (22.4999990625, 779.6125163311438), (38.83190748950379, 779.6125163311438), (38.83190748950379, 774.3625165498937))",PixelSpace,612,792
Footer,177 cm,c1a976435ccfc5eee2e179a9cb22d60d,,,,,,,,,document.pdf,application/pdf,,,,,,,['eng'],2024-08-26T21:19:45,,,,,,,2,,,,,,,,,,,,,,"((239.30858377880858, 774.203581011516), (239.30858377880858, 778.7035808240161), (254.0654190339404, 778.7035808240161), (254.0654190339404, 774.203581011516))",PixelSpace,612,792
Footer,177 cm,e8fa858668a9bbba40805614f29e4de2,,,,,,,,,document.pdf,application/pdf,,,,,,,['eng'],2024-08-26T21:19:45,,,,,,,2,,,,,,,,,,,,,,"((417.7734200927734, 774.203581011516), (417.7734200927734, 778.7035808240161), (432.53025534790527, 778.7035808240161), (432.53025534790527, 774.203581011516))",PixelSpace,612,792
Title,Fill Instructions,6818eb50e4adb5bedeb423f78a04d9bd,,,,,,,,,document.pdf,application/pdf,,,,,,,['eng'],2024-08-26T21:19:45,,,,,,,2,,,,,,,,,,,,,,"((513.0878711213378, 111.674995346875), (513.0878711213378, 116.92499512812492), (551.3483695271503, 116.92499512812492), (551.3483695271503, 111.674995346875))",PixelSpace,612,792
Title,Generic Substitition Allowed,84dfccd84c8aab9d3597d2493acd53c4,,,,,,,,,document.pdf,application/pdf,,,,,,,['eng'],2024-08-26T21:19:45,,,,,,,2,,,,,,,,,,,,,,"((513.0878711213378, 122.4536081677661), (513.0878711213378, 126.95360798026616), (568.8676538371801, 126.95360798026616), (568.8676538371801, 122.4536081677661))",PixelSpace,612,792
Header,Date / Time:,e1b64b39248bff81cd0f9364cb030669,,,,,,,,,document.pdf,application/pdf,,,,,,,['eng'],2024-08-26T21:19:45,,,,,,,3,,,,,,,,,,,,,,"((22.4999990625, 2.1749999093750603), (22.4999990625, 7.424999690624986), (52.2074978246875, 7.424999690624986), (52.2074978246875, 2.1749999093750603))",PixelSpace,612,792
Header,Weight,ac3de83be3868798f311a40dd885dfb4,,,,,,,,,document.pdf,application/pdf,,,,,,,['eng'],2024-08-26T21:19:45,,,,,,,3,,,,,,,,,,,,,,"((22.4999990625, 13.112548268643764), (22.4999990625, 18.362548049893803), (39.90087716496338, 18.362548049893803), (39.90087716496338, 13.112548268643764))",PixelSpace,612,792
Header,Blood Pressure,b02fafa0f2833b57752eef27a41c79bf,,,,,,,,,document.pdf,application/pdf,,,,,,,['eng'],2024-08-26T21:19:45,,,,,,,3,,,,,,,,,,,,,,"((22.4999990625, 23.612547831143843), (22.4999990625, 28.862547612393882), (61.30334206069398, 28.862547612393882), (61.30334206069398, 23.612547831143843))",PixelSpace,612,792
Title,Authors,4c0bff1af5ac36b0c3756a2c1a9ec452,,,,,,,,,document.pdf,application/pdf,,,,,,,['eng'],2024-08-26T21:19:45,,,,,,,3,b02fafa0f2833b57752eef27a41c79bf,,,,,,,,,,,,,"((33.74999859375, 54.76199801824998), (33.74999859375, 61.77824735090621), (60.522154789993444, 61.77824735090621), (60.522154789993444, 54.76199801824998))",PixelSpace,612,792
Title,Author:,fce3cd6a548a3f86263ee831a3e43057,,,,,,,,,document.pdf,application/pdf,,,,,,,['eng'],2024-08-26T21:19:45,,,,,,,3,b02fafa0f2833b57752eef27a41c79bf,,,,,,,,,,,,,"((21.74999909375, 70.79999705000012), (21.74999909375, 76.04999683125004), (40.5824983090625, 76.04999683125004), (40.5824983090625, 70.79999705000012))",PixelSpace,612,792
Title,Henry Seven,2ee642d530816bd2368437b840995c26,,,,,,,,,document.pdf,application/pdf,,,,,,,['eng'],2024-08-26T21:19:45,,,,,,,3,b02fafa0f2833b57752eef27a41c79bf,,,,,,,,,,,,,"((21.74999909375, 80.82860990214112), (21.74999909375, 85.32860971464117), (47.763425659857184, 85.32860971464117), (47.763425659857184, 80.82860990214112))",PixelSpace,612,792
Title,Caregivers,10fa539ba51eb418a194c27657ab0e09,,,,,,,,,document.pdf,application/pdf,,,,,,,['eng'],2024-08-26T21:19:45,,,,,,,3,b02fafa0f2833b57752eef27a41c79bf,,,,,,,,,,,,,"((33.74999859375, 121.13699525262507), (33.74999859375, 128.1532445852813), (70.64715436811844, 128.1532445852813), (70.64715436811844, 121.13699525262507))",PixelSpace,612,792
Title,Caregiver:,f311b8fb5be1e8c91920e5aaf80f62c0,,,,,,,,,document.pdf,application/pdf,,,,,,,['eng'],2024-08-26T21:19:45,,,,,,,3,b02fafa0f2833b57752eef27a41c79bf,,,,,,,,,,,,,"((21.74999909375, 137.17499428437497), (21.74999909375, 142.4249940656249), (48.0824979965625, 142.4249940656249), (48.0824979965625, 137.17499428437497))",PixelSpace,612,792
Title,Authoring Device:,46c6c3cd45819a0d2aaf6281ecbde3fd,,,,,,,,,document.pdf,application/pdf,,,,,,,['eng'],2024-08-26T21:19:45,,,,,,,3,b02fafa0f2833b57752eef27a41c79bf,,,,,,,,,,,,,"((156.20507349145498, 70.79999705000012), (156.20507349145498, 76.04999683125004), (200.5375716442675, 76.04999683125004), (200.5375716442675, 70.79999705000012))",PixelSpace,612,792
Title,Relationship:,eebad31d7511bd09d9df596f9f945297,,,,,,,,,document.pdf,application/pdf,,,,,,,['eng'],2024-08-26T21:19:45,,,,,,,3,b02fafa0f2833b57752eef27a41c79bf,,,,,,,,,,,,,"((153.49804235424796, 137.17499428437497), (153.49804235424796, 142.4249940656249), (185.83054100706045, 142.4249940656249), (185.83054100706045, 137.17499428437497))",PixelSpace,612,792
Header,"Nov 14, 1999",490416956bdf85b795deda020e7a9984,,,,,,,,,document.pdf,application/pdf,,,,,,,['eng'],2024-08-26T21:19:45,,,,,,,3,,,,,,,,,,,,,,"((239.30858377880858, 2.1749999093750603), (239.30858377880858, 7.424999690624986), (269.92808250299606, 7.424999690624986), (269.92808250299606, 2.1749999093750603))",PixelSpace,612,792
Header,86 kg,4ff675802343f8ec7a3e513ae239b234,,,,,,,,,document.pdf,application/pdf,,,,,,,['eng'],2024-08-26T21:19:45,,,,,,,3,,,,,,,,,,,,,,"((239.30858377880858, 12.953612730266059), (239.30858377880858, 17.45361254276611), (250.3168840451294, 17.45361254276611), (250.3168840451294, 12.953612730266059))",PixelSpace,612,792
Header,132/86 mmHg,b8d58606fb44bc1763e4273817861ee9,,,,,,,,,document.pdf,application/pdf,,,,,,,['eng'],2024-08-26T21:19:45,,,,,,,3,,,,,,,,,,,,,,"((239.30858377880858, 23.453612292766138), (239.30858377880858, 27.95361210526619), (267.57201020616577, 27.95361210526619), (267.57201020616577, 23.453612292766138))",PixelSpace,612,792
Title,Specialty:,503da1c8eca68c1816744433667c9302,,,,,,,,,document.pdf,application/pdf,,,,,,,['eng'],2024-08-26T21:19:45,,,,,,,3,b8d58606fb44bc1763e4273817861ee9,,,,,,,,,,,,,"((309.7617058432617, 137.17499428437497), (309.7617058432617, 142.4249940656249), (334.5942048085742, 142.4249940656249), (334.5942048085742, 137.17499428437497))",PixelSpace,612,792
Title,Address:,8f1db56fc67aa1c014e8ecf0cc2972c3,,,,,,,,,document.pdf,application/pdf,,,,,,,['eng'],2024-08-26T21:19:45,,,,,,,3,b8d58606fb44bc1763e4273817861ee9,,,,,,,,,,,,,"((367.24217219824214, 70.79999705000012), (367.24217219824214, 76.04999683125004), (389.44967127292966, 76.04999683125004), (389.44967127292966, 70.79999705000012))",PixelSpace,612,792
Title,"1002 Healthcare Drive Portland, OR 99123, US Tel: 555-555-1002",206c449f747e1bdfa91074fb4be200d1,,,,,,,,,document.pdf,application/pdf,,,,,,,['eng'],2024-08-26T21:19:45,,,,,,,3,b8d58606fb44bc1763e4273817861ee9,,,,,,,,,,,,,"((367.24217219824214, 80.82860990214112), (367.24217219824214, 95.82860927714103), (415.7687813413, 95.82860927714103), (415.7687813413, 80.82860990214112))",PixelSpace,612,792
Header,"April 7, 2000",371de40a499312c067e53e1535ec676b,,,,,,,,,document.pdf,application/pdf,,,,,,,['eng'],2024-08-26T21:19:45,,,,,,,3,,,,,,,,,,,,,,"((417.7734200927734, 2.1749999093750603), (417.7734200927734, 7.424999690624986), (448.48216881324214, 7.424999690624986), (448.48216881324214, 2.1749999093750603))",PixelSpace,612,792
Header,88 kg,78b95e85e70fb18ce27c5b1580000a3b,,,,,,,,,document.pdf,application/pdf,,,,,,,['eng'],2024-08-26T21:19:45,,,,,,,3,,,,,,,,,,,,,,"((417.7734200927734, 12.953612730266059), (417.7734200927734, 17.45361254276611), (428.7817203590942, 17.45361254276611), (428.7817203590942, 12.953612730266059))",PixelSpace,612,792
Header,145/88 mmHg,0d94e233aa76357503fcbee7afeb595f,,,,,,,,,document.pdf,application/pdf,,,,,,,['eng'],2024-08-26T21:19:45,,,,,,,3,,,,,,,,,,,,,,"((417.7734200927734, 23.453612292766138), (417.7734200927734, 27.95361210526619), (446.03684652013055, 27.95361210526619), (446.03684652013055, 23.453612292766138))",PixelSpace,612,792
Title,Organization:,f6693193ce079b8951f295bb7f5a1159,,,,,,,,,document.pdf,application/pdf,,,,,,,['eng'],2024-08-26T21:19:45,,,,,,,3,0d94e233aa76357503fcbee7afeb595f,,,,,,,,,,,,,"((435.3808431091308, 137.17499428437497), (435.3808431091308, 142.4249940656249), (468.8383417150683, 142.4249940656249), (468.8383417150683, 137.17499428437497))",PixelSpace,612,792
